Unnamed: 0,文番号,表層,品詞1,品詞2,品詞3,品詞4,原型,posID
1,0,講義,名詞,サ変接続,*,*,講義,36
3,0,履修,名詞,サ変接続,*,*,履修,36
7,0,次,名詞,一般,*,*,次,38
9,0,能力,名詞,一般,*,*,能力,38
11,0,修得,名詞,サ変接続,*,*,修得,36
16,0,コンピュータ,名詞,一般,*,*,コンピュータ,38
18,0,処理,名詞,サ変接続,*,*,処理,36
20,0,行う,動詞,自立,*,*,行う,31
21,0,ため,名詞,非自立,副詞可能,*,ため,66
23,0,標準,名詞,一般,*,*,標準,38
24,0,的,名詞,接尾,形容動詞語幹,*,的,52
26,0,アルゴリズム,名詞,一般,*,*,アルゴリズム,38
28,0,設計,名詞,サ変接続,*,*,設計,36
32,0,できる,動詞,自立,*,*,できる,31
37,0,標準,名詞,一般,*,*,標準,38
38,0,的,名詞,接尾,形容動詞語幹,*,的,52
40,0,アルゴリズム,名詞,一般,*,*,アルゴリズム,38
42,0,適切,名詞,形容動詞語幹,*,*,適切,40
44,0,データ構造,名詞,固有名詞,一般,*,データ構造,41
46,0,用い,動詞,自立,*,*,用いる,31
49,0,プログラム,名詞,サ変接続,*,*,プログラム,36
51,0,実現,名詞,サ変接続,*,*,実現,36
55,0,できる,動詞,自立,*,*,できる,31
59,0,アルゴリズム,名詞,一般,*,*,アルゴリズム,38
61,0,効率,名詞,一般,*,*,効率,38
63,0,説明,名詞,サ変接続,*,*,説明,36
64,0,でき,動詞,自立,*,*,できる,31
66,0,アルゴリズム,名詞,一般,*,*,アルゴリズム,38
68,0,効率,名詞,一般,*,*,効率,38
70,0,定量的,名詞,固有名詞,一般,*,定量的,41
72,0,評価,名詞,サ変接続,*,*,評価,36
73,0,できる,動詞,自立,*,*,できる,31
76,0,講義,名詞,サ変接続,*,*,講義,36
78,0,履修,名詞,サ変接続,*,*,履修,36
82,0,次,名詞,一般,*,*,次,38
84,0,能力,名詞,一般,*,*,能力,38
86,0,修得,名詞,サ変接続,*,*,修得,36
91,0,コンピュータ,名詞,一般,*,*,コンピュータ,38
93,0,処理,名詞,サ変接続,*,*,処理,36
95,0,行う,動詞,自立,*,*,行う,31
96,0,ため,名詞,非自立,副詞可能,*,ため,66
98,0,標準,名詞,一般,*,*,標準,38
99,0,的,名詞,接尾,形容動詞語幹,*,的,52
101,0,アルゴリズム,名詞,一般,*,*,アルゴリズム,38
103,0,設計,名詞,サ変接続,*,*,設計,36
107,0,できる,動詞,自立,*,*,できる,31
112,0,標準,名詞,一般,*,*,標準,38
113,0,的,名詞,接尾,形容動詞語幹,*,的,52
115,0,アルゴリズム,名詞,一般,*,*,アルゴリズム,38
117,0,適切,名詞,形容動詞語幹,*,*,適切,40
119,0,データ構造,名詞,固有名詞,一般,*,データ構造,41
121,0,用い,動詞,自立,*,*,用いる,31
124,0,プログラム,名詞,サ変接続,*,*,プログラム,36
126,0,実現,名詞,サ変接続,*,*,実現,36
130,0,できる,動詞,自立,*,*,できる,31
134,0,アルゴリズム,名詞,一般,*,*,アルゴリズム,38
136,0,効率,名詞,一般,*,*,効率,38
138,0,説明,名詞,サ変接続,*,*,説明,36
139,0,でき,動詞,自立,*,*,できる,31
141,0,アルゴリズム,名詞,一般,*,*,アルゴリズム,38
143,0,効率,名詞,一般,*,*,効率,38
145,0,定量的,名詞,固有名詞,一般,*,定量的,41
147,0,評価,名詞,サ変接続,*,*,評価,36
148,0,できる,動詞,自立,*,*,できる,31
153,0,二分,名詞,サ変接続,*,*,二分,36
154,0,探索,名詞,サ変接続,*,*,探索,36
156,0,分割統治法,名詞,固有名詞,一般,*,分割統治法,41
158,0,動的計画法,名詞,固有名詞,一般,*,動的計画法,41
161,0,基づく,動詞,自立,*,*,基づく,31
162,0,アルゴリズム,名詞,一般,*,*,アルゴリズム,38
164,0,説明,名詞,サ変接続,*,*,説明,36
165,0,できる,動詞,自立,*,*,できる,31
170,0,計算,名詞,サ変接続,*,*,計算,36
171,0,量,名詞,接尾,一般,*,量,51
173,0,評価,名詞,サ変接続,*,*,評価,36
174,0,できる,動詞,自立,*,*,できる,31
179,0,ヒープ,名詞,一般,*,*,ヒープ,38
181,0,二分探索木,名詞,固有名詞,一般,*,二分探索木,41
184,0,データ構造,名詞,固有名詞,一般,*,データ構造,41
186,0,能力,名詞,一般,*,*,能力,38
189,0,具体,名詞,一般,*,*,具体,38
190,0,的,名詞,接尾,形容動詞語幹,*,的,52
192,0,実装,名詞,サ変接続,*,*,実装,36
193,0,方法,名詞,一般,*,*,方法,38
195,0,説明,名詞,サ変接続,*,*,説明,36
196,0,できる,動詞,自立,*,*,できる,31
202,0,操作,名詞,サ変接続,*,*,操作,36
204,0,計算,名詞,サ変接続,*,*,計算,36
205,0,量,名詞,接尾,一般,*,量,51
207,0,評価,名詞,サ変接続,*,*,評価,36
208,0,できる,動詞,自立,*,*,できる,31
213,0,C言語,名詞,固有名詞,一般,*,C言語,41
215,0,用い,動詞,自立,*,*,用いる,31
217,0,上記,名詞,一般,*,*,上記,38
219,0,アルゴリズム,名詞,一般,*,*,アルゴリズム,38
221,0,データ構造,名詞,固有名詞,一般,*,データ構造,41
223,0,実装,名詞,サ変接続,*,*,実装,36
224,0,できる,動詞,自立,*,*,できる,31
229,0,未知,名詞,一般,*,*,未知,38
231,0,問題,名詞,ナイ形容詞語幹,*,*,問題,37
234,0,効率,名詞,一般,*,*,効率,38
235,0,的,名詞,接尾,形容動詞語幹,*,的,52
237,0,アルゴリズム,名詞,一般,*,*,アルゴリズム,38
239,0,設計,名詞,サ変接続,*,*,設計,36
240,0,できる,動詞,自立,*,*,できる,31
245,0,二分,名詞,サ変接続,*,*,二分,36
246,0,探索,名詞,サ変接続,*,*,探索,36
248,0,分割統治法,名詞,固有名詞,一般,*,分割統治法,41
250,0,動的計画法,名詞,固有名詞,一般,*,動的計画法,41
253,0,基づく,動詞,自立,*,*,基づく,31
254,0,アルゴリズム,名詞,一般,*,*,アルゴリズム,38
256,0,説明,名詞,サ変接続,*,*,説明,36
257,0,できる,動詞,自立,*,*,できる,31
262,0,計算,名詞,サ変接続,*,*,計算,36
263,0,量,名詞,接尾,一般,*,量,51
265,0,評価,名詞,サ変接続,*,*,評価,36
266,0,できる,動詞,自立,*,*,できる,31
271,0,ヒープ,名詞,一般,*,*,ヒープ,38
273,0,二分探索木,名詞,固有名詞,一般,*,二分探索木,41
276,0,データ構造,名詞,固有名詞,一般,*,データ構造,41
278,0,能力,名詞,一般,*,*,能力,38
281,0,具体,名詞,一般,*,*,具体,38
282,0,的,名詞,接尾,形容動詞語幹,*,的,52
284,0,実装,名詞,サ変接続,*,*,実装,36
285,0,方法,名詞,一般,*,*,方法,38
287,0,説明,名詞,サ変接続,*,*,説明,36
288,0,できる,動詞,自立,*,*,できる,31
294,0,操作,名詞,サ変接続,*,*,操作,36
296,0,計算,名詞,サ変接続,*,*,計算,36
297,0,量,名詞,接尾,一般,*,量,51
299,0,評価,名詞,サ変接続,*,*,評価,36
300,0,できる,動詞,自立,*,*,できる,31
305,0,C言語,名詞,固有名詞,一般,*,C言語,41
307,0,用い,動詞,自立,*,*,用いる,31
309,0,上記,名詞,一般,*,*,上記,38
311,0,アルゴリズム,名詞,一般,*,*,アルゴリズム,38
313,0,データ構造,名詞,固有名詞,一般,*,データ構造,41
315,0,実装,名詞,サ変接続,*,*,実装,36
316,0,できる,動詞,自立,*,*,できる,31
321,0,未知,名詞,一般,*,*,未知,38
323,0,問題,名詞,ナイ形容詞語幹,*,*,問題,37
326,0,効率,名詞,一般,*,*,効率,38
327,0,的,名詞,接尾,形容動詞語幹,*,的,52
329,0,アルゴリズム,名詞,一般,*,*,アルゴリズム,38
331,0,設計,名詞,サ変接続,*,*,設計,36
332,0,できる,動詞,自立,*,*,できる,31
337,0,二分,名詞,サ変接続,*,*,二分,36
338,0,探索,名詞,サ変接続,*,*,探索,36
340,0,分割統治法,名詞,固有名詞,一般,*,分割統治法,41
342,0,動的計画法,名詞,固有名詞,一般,*,動的計画法,41
345,0,基づく,動詞,自立,*,*,基づく,31
346,0,アルゴリズム,名詞,一般,*,*,アルゴリズム,38
348,0,説明,名詞,サ変接続,*,*,説明,36
349,0,できる,動詞,自立,*,*,できる,31
354,0,計算,名詞,サ変接続,*,*,計算,36
355,0,量,名詞,接尾,一般,*,量,51
357,0,評価,名詞,サ変接続,*,*,評価,36
358,0,できる,動詞,自立,*,*,できる,31
363,0,ヒープ,名詞,一般,*,*,ヒープ,38
365,0,二分探索木,名詞,固有名詞,一般,*,二分探索木,41
368,0,データ構造,名詞,固有名詞,一般,*,データ構造,41
370,0,能力,名詞,一般,*,*,能力,38
373,0,具体,名詞,一般,*,*,具体,38
374,0,的,名詞,接尾,形容動詞語幹,*,的,52
376,0,実装,名詞,サ変接続,*,*,実装,36
377,0,方法,名詞,一般,*,*,方法,38
379,0,説明,名詞,サ変接続,*,*,説明,36
380,0,できる,動詞,自立,*,*,できる,31
386,0,操作,名詞,サ変接続,*,*,操作,36
388,0,計算,名詞,サ変接続,*,*,計算,36
389,0,量,名詞,接尾,一般,*,量,51
391,0,評価,名詞,サ変接続,*,*,評価,36
392,0,できる,動詞,自立,*,*,できる,31
397,0,C言語,名詞,固有名詞,一般,*,C言語,41
399,0,用い,動詞,自立,*,*,用いる,31
401,0,上記,名詞,一般,*,*,上記,38
403,0,アルゴリズム,名詞,一般,*,*,アルゴリズム,38
405,0,データ構造,名詞,固有名詞,一般,*,データ構造,41
407,0,実装,名詞,サ変接続,*,*,実装,36
408,0,できる,動詞,自立,*,*,できる,31
413,0,未知,名詞,一般,*,*,未知,38
415,0,問題,名詞,ナイ形容詞語幹,*,*,問題,37
418,0,効率,名詞,一般,*,*,効率,38
419,0,的,名詞,接尾,形容動詞語幹,*,的,52
421,0,アルゴリズム,名詞,一般,*,*,アルゴリズム,38
423,0,設計,名詞,サ変接続,*,*,設計,36
424,0,できる,動詞,自立,*,*,できる,31
1,0,講義,名詞,サ変接続,*,*,講義,36
3,0,履修,名詞,サ変接続,*,*,履修,36
7,0,次,名詞,一般,*,*,次,38
9,0,能力,名詞,一般,*,*,能力,38
11,0,修得,名詞,サ変接続,*,*,修得,36
16,0,コンピュータ,名詞,一般,*,*,コンピュータ,38
18,0,処理,名詞,サ変接続,*,*,処理,36
20,0,行う,動詞,自立,*,*,行う,31
21,0,ため,名詞,非自立,副詞可能,*,ため,66
23,0,標準,名詞,一般,*,*,標準,38
24,0,的,名詞,接尾,形容動詞語幹,*,的,52
26,0,アルゴリズム,名詞,一般,*,*,アルゴリズム,38
28,0,設計,名詞,サ変接続,*,*,設計,36
32,0,できる,動詞,自立,*,*,できる,31
37,0,標準,名詞,一般,*,*,標準,38
38,0,的,名詞,接尾,形容動詞語幹,*,的,52
40,0,アルゴリズム,名詞,一般,*,*,アルゴリズム,38
42,0,適切,名詞,形容動詞語幹,*,*,適切,40
44,0,データ構造,名詞,固有名詞,一般,*,データ構造,41
46,0,用い,動詞,自立,*,*,用いる,31
49,0,プログラム,名詞,サ変接続,*,*,プログラム,36
51,0,実現,名詞,サ変接続,*,*,実現,36
55,0,できる,動詞,自立,*,*,できる,31
59,0,アルゴリズム,名詞,一般,*,*,アルゴリズム,38
61,0,効率,名詞,一般,*,*,効率,38
63,0,説明,名詞,サ変接続,*,*,説明,36
64,0,でき,動詞,自立,*,*,できる,31
66,0,アルゴリズム,名詞,一般,*,*,アルゴリズム,38
68,0,効率,名詞,一般,*,*,効率,38
70,0,定量的,名詞,固有名詞,一般,*,定量的,41
72,0,評価,名詞,サ変接続,*,*,評価,36
73,0,できる,動詞,自立,*,*,できる,31
76,0,講義,名詞,サ変接続,*,*,講義,36
78,0,履修,名詞,サ変接続,*,*,履修,36
82,0,次,名詞,一般,*,*,次,38
84,0,能力,名詞,一般,*,*,能力,38
86,0,修得,名詞,サ変接続,*,*,修得,36
91,0,コンピュータ,名詞,一般,*,*,コンピュータ,38
93,0,処理,名詞,サ変接続,*,*,処理,36
95,0,行う,動詞,自立,*,*,行う,31
96,0,ため,名詞,非自立,副詞可能,*,ため,66
98,0,標準,名詞,一般,*,*,標準,38
99,0,的,名詞,接尾,形容動詞語幹,*,的,52
101,0,アルゴリズム,名詞,一般,*,*,アルゴリズム,38
103,0,設計,名詞,サ変接続,*,*,設計,36
107,0,できる,動詞,自立,*,*,できる,31
112,0,標準,名詞,一般,*,*,標準,38
113,0,的,名詞,接尾,形容動詞語幹,*,的,52
115,0,アルゴリズム,名詞,一般,*,*,アルゴリズム,38
117,0,適切,名詞,形容動詞語幹,*,*,適切,40
119,0,データ構造,名詞,固有名詞,一般,*,データ構造,41
121,0,用い,動詞,自立,*,*,用いる,31
124,0,プログラム,名詞,サ変接続,*,*,プログラム,36
126,0,実現,名詞,サ変接続,*,*,実現,36
130,0,できる,動詞,自立,*,*,できる,31
134,0,アルゴリズム,名詞,一般,*,*,アルゴリズム,38
136,0,効率,名詞,一般,*,*,効率,38
138,0,説明,名詞,サ変接続,*,*,説明,36
139,0,でき,動詞,自立,*,*,できる,31
141,0,アルゴリズム,名詞,一般,*,*,アルゴリズム,38
143,0,効率,名詞,一般,*,*,効率,38
145,0,定量的,名詞,固有名詞,一般,*,定量的,41
147,0,評価,名詞,サ変接続,*,*,評価,36
148,0,できる,動詞,自立,*,*,できる,31
153,0,二分,名詞,サ変接続,*,*,二分,36
154,0,探索,名詞,サ変接続,*,*,探索,36
156,0,分割統治法,名詞,固有名詞,一般,*,分割統治法,41
158,0,動的計画法,名詞,固有名詞,一般,*,動的計画法,41
161,0,基づく,動詞,自立,*,*,基づく,31
162,0,アルゴリズム,名詞,一般,*,*,アルゴリズム,38
164,0,説明,名詞,サ変接続,*,*,説明,36
165,0,できる,動詞,自立,*,*,できる,31
170,0,計算,名詞,サ変接続,*,*,計算,36
171,0,量,名詞,接尾,一般,*,量,51
173,0,評価,名詞,サ変接続,*,*,評価,36
174,0,できる,動詞,自立,*,*,できる,31
179,0,ヒープ,名詞,一般,*,*,ヒープ,38
181,0,二分探索木,名詞,固有名詞,一般,*,二分探索木,41
184,0,データ構造,名詞,固有名詞,一般,*,データ構造,41
186,0,能力,名詞,一般,*,*,能力,38
189,0,具体,名詞,一般,*,*,具体,38
190,0,的,名詞,接尾,形容動詞語幹,*,的,52
192,0,実装,名詞,サ変接続,*,*,実装,36
193,0,方法,名詞,一般,*,*,方法,38
195,0,説明,名詞,サ変接続,*,*,説明,36
196,0,できる,動詞,自立,*,*,できる,31
202,0,操作,名詞,サ変接続,*,*,操作,36
204,0,計算,名詞,サ変接続,*,*,計算,36
205,0,量,名詞,接尾,一般,*,量,51
207,0,評価,名詞,サ変接続,*,*,評価,36
208,0,できる,動詞,自立,*,*,できる,31
213,0,C言語,名詞,固有名詞,一般,*,C言語,41
215,0,用い,動詞,自立,*,*,用いる,31
217,0,上記,名詞,一般,*,*,上記,38
219,0,アルゴリズム,名詞,一般,*,*,アルゴリズム,38
221,0,データ構造,名詞,固有名詞,一般,*,データ構造,41
223,0,実装,名詞,サ変接続,*,*,実装,36
224,0,できる,動詞,自立,*,*,できる,31
229,0,未知,名詞,一般,*,*,未知,38
231,0,問題,名詞,ナイ形容詞語幹,*,*,問題,37
234,0,効率,名詞,一般,*,*,効率,38
235,0,的,名詞,接尾,形容動詞語幹,*,的,52
237,0,アルゴリズム,名詞,一般,*,*,アルゴリズム,38
239,0,設計,名詞,サ変接続,*,*,設計,36
240,0,できる,動詞,自立,*,*,できる,31
245,0,二分,名詞,サ変接続,*,*,二分,36
246,0,探索,名詞,サ変接続,*,*,探索,36
248,0,分割統治法,名詞,固有名詞,一般,*,分割統治法,41
250,0,動的計画法,名詞,固有名詞,一般,*,動的計画法,41
253,0,基づく,動詞,自立,*,*,基づく,31
254,0,アルゴリズム,名詞,一般,*,*,アルゴリズム,38
256,0,説明,名詞,サ変接続,*,*,説明,36
257,0,できる,動詞,自立,*,*,できる,31
262,0,計算,名詞,サ変接続,*,*,計算,36
263,0,量,名詞,接尾,一般,*,量,51
265,0,評価,名詞,サ変接続,*,*,評価,36
266,0,できる,動詞,自立,*,*,できる,31
271,0,ヒープ,名詞,一般,*,*,ヒープ,38
273,0,二分探索木,名詞,固有名詞,一般,*,二分探索木,41
276,0,データ構造,名詞,固有名詞,一般,*,データ構造,41
278,0,能力,名詞,一般,*,*,能力,38
281,0,具体,名詞,一般,*,*,具体,38
282,0,的,名詞,接尾,形容動詞語幹,*,的,52
284,0,実装,名詞,サ変接続,*,*,実装,36
285,0,方法,名詞,一般,*,*,方法,38
287,0,説明,名詞,サ変接続,*,*,説明,36
288,0,できる,動詞,自立,*,*,できる,31
294,0,操作,名詞,サ変接続,*,*,操作,36
296,0,計算,名詞,サ変接続,*,*,計算,36
297,0,量,名詞,接尾,一般,*,量,51
299,0,評価,名詞,サ変接続,*,*,評価,36
300,0,できる,動詞,自立,*,*,できる,31
305,0,C言語,名詞,固有名詞,一般,*,C言語,41
307,0,用い,動詞,自立,*,*,用いる,31
309,0,上記,名詞,一般,*,*,上記,38
311,0,アルゴリズム,名詞,一般,*,*,アルゴリズム,38
313,0,データ構造,名詞,固有名詞,一般,*,データ構造,41
315,0,実装,名詞,サ変接続,*,*,実装,36
316,0,できる,動詞,自立,*,*,できる,31
321,0,未知,名詞,一般,*,*,未知,38
323,0,問題,名詞,ナイ形容詞語幹,*,*,問題,37
326,0,効率,名詞,一般,*,*,効率,38
327,0,的,名詞,接尾,形容動詞語幹,*,的,52
329,0,アルゴリズム,名詞,一般,*,*,アルゴリズム,38
331,0,設計,名詞,サ変接続,*,*,設計,36
332,0,できる,動詞,自立,*,*,できる,31
337,0,二分,名詞,サ変接続,*,*,二分,36
338,0,探索,名詞,サ変接続,*,*,探索,36
340,0,分割統治法,名詞,固有名詞,一般,*,分割統治法,41
342,0,動的計画法,名詞,固有名詞,一般,*,動的計画法,41
345,0,基づく,動詞,自立,*,*,基づく,31
346,0,アルゴリズム,名詞,一般,*,*,アルゴリズム,38
348,0,説明,名詞,サ変接続,*,*,説明,36
349,0,できる,動詞,自立,*,*,できる,31
354,0,計算,名詞,サ変接続,*,*,計算,36
355,0,量,名詞,接尾,一般,*,量,51
357,0,評価,名詞,サ変接続,*,*,評価,36
358,0,できる,動詞,自立,*,*,できる,31
363,0,ヒープ,名詞,一般,*,*,ヒープ,38
365,0,二分探索木,名詞,固有名詞,一般,*,二分探索木,41
368,0,データ構造,名詞,固有名詞,一般,*,データ構造,41
370,0,能力,名詞,一般,*,*,能力,38
373,0,具体,名詞,一般,*,*,具体,38
374,0,的,名詞,接尾,形容動詞語幹,*,的,52
376,0,実装,名詞,サ変接続,*,*,実装,36
377,0,方法,名詞,一般,*,*,方法,38
379,0,説明,名詞,サ変接続,*,*,説明,36
380,0,できる,動詞,自立,*,*,できる,31
386,0,操作,名詞,サ変接続,*,*,操作,36
388,0,計算,名詞,サ変接続,*,*,計算,36
389,0,量,名詞,接尾,一般,*,量,51
391,0,評価,名詞,サ変接続,*,*,評価,36
392,0,できる,動詞,自立,*,*,できる,31
397,0,C言語,名詞,固有名詞,一般,*,C言語,41
399,0,用い,動詞,自立,*,*,用いる,31
401,0,上記,名詞,一般,*,*,上記,38
403,0,アルゴリズム,名詞,一般,*,*,アルゴリズム,38
405,0,データ構造,名詞,固有名詞,一般,*,データ構造,41
407,0,実装,名詞,サ変接続,*,*,実装,36
408,0,できる,動詞,自立,*,*,できる,31
413,0,未知,名詞,一般,*,*,未知,38
415,0,問題,名詞,ナイ形容詞語幹,*,*,問題,37
418,0,効率,名詞,一般,*,*,効率,38
419,0,的,名詞,接尾,形容動詞語幹,*,的,52
421,0,アルゴリズム,名詞,一般,*,*,アルゴリズム,38
423,0,設計,名詞,サ変接続,*,*,設計,36
424,0,できる,動詞,自立,*,*,できる,31
1,0,講義,名詞,サ変接続,*,*,講義,36
3,0,履修,名詞,サ変接続,*,*,履修,36
7,0,次,名詞,一般,*,*,次,38
9,0,能力,名詞,一般,*,*,能力,38
11,0,修得,名詞,サ変接続,*,*,修得,36
16,0,コンピュータ,名詞,一般,*,*,コンピュータ,38
18,0,処理,名詞,サ変接続,*,*,処理,36
20,0,行う,動詞,自立,*,*,行う,31
21,0,ため,名詞,非自立,副詞可能,*,ため,66
23,0,標準,名詞,一般,*,*,標準,38
24,0,的,名詞,接尾,形容動詞語幹,*,的,52
26,0,アルゴリズム,名詞,一般,*,*,アルゴリズム,38
28,0,設計,名詞,サ変接続,*,*,設計,36
32,0,できる,動詞,自立,*,*,できる,31
37,0,標準,名詞,一般,*,*,標準,38
38,0,的,名詞,接尾,形容動詞語幹,*,的,52
40,0,アルゴリズム,名詞,一般,*,*,アルゴリズム,38
42,0,適切,名詞,形容動詞語幹,*,*,適切,40
44,0,データ構造,名詞,固有名詞,一般,*,データ構造,41
46,0,用い,動詞,自立,*,*,用いる,31
49,0,プログラム,名詞,サ変接続,*,*,プログラム,36
51,0,実現,名詞,サ変接続,*,*,実現,36
55,0,できる,動詞,自立,*,*,できる,31
59,0,アルゴリズム,名詞,一般,*,*,アルゴリズム,38
61,0,効率,名詞,一般,*,*,効率,38
63,0,説明,名詞,サ変接続,*,*,説明,36
64,0,でき,動詞,自立,*,*,できる,31
66,0,アルゴリズム,名詞,一般,*,*,アルゴリズム,38
68,0,効率,名詞,一般,*,*,効率,38
70,0,定量的,名詞,固有名詞,一般,*,定量的,41
72,0,評価,名詞,サ変接続,*,*,評価,36
73,0,できる,動詞,自立,*,*,できる,31
76,0,講義,名詞,サ変接続,*,*,講義,36
78,0,履修,名詞,サ変接続,*,*,履修,36
82,0,次,名詞,一般,*,*,次,38
84,0,能力,名詞,一般,*,*,能力,38
86,0,修得,名詞,サ変接続,*,*,修得,36
91,0,コンピュータ,名詞,一般,*,*,コンピュータ,38
93,0,処理,名詞,サ変接続,*,*,処理,36
95,0,行う,動詞,自立,*,*,行う,31
96,0,ため,名詞,非自立,副詞可能,*,ため,66
98,0,標準,名詞,一般,*,*,標準,38
99,0,的,名詞,接尾,形容動詞語幹,*,的,52
101,0,アルゴリズム,名詞,一般,*,*,アルゴリズム,38
103,0,設計,名詞,サ変接続,*,*,設計,36
107,0,できる,動詞,自立,*,*,できる,31
112,0,標準,名詞,一般,*,*,標準,38
113,0,的,名詞,接尾,形容動詞語幹,*,的,52
115,0,アルゴリズム,名詞,一般,*,*,アルゴリズム,38
117,0,適切,名詞,形容動詞語幹,*,*,適切,40
119,0,データ構造,名詞,固有名詞,一般,*,データ構造,41
121,0,用い,動詞,自立,*,*,用いる,31
124,0,プログラム,名詞,サ変接続,*,*,プログラム,36
126,0,実現,名詞,サ変接続,*,*,実現,36
130,0,できる,動詞,自立,*,*,できる,31
134,0,アルゴリズム,名詞,一般,*,*,アルゴリズム,38
136,0,効率,名詞,一般,*,*,効率,38
138,0,説明,名詞,サ変接続,*,*,説明,36
139,0,でき,動詞,自立,*,*,できる,31
141,0,アルゴリズム,名詞,一般,*,*,アルゴリズム,38
143,0,効率,名詞,一般,*,*,効率,38
145,0,定量的,名詞,固有名詞,一般,*,定量的,41
147,0,評価,名詞,サ変接続,*,*,評価,36
148,0,できる,動詞,自立,*,*,できる,31
153,0,二分,名詞,サ変接続,*,*,二分,36
154,0,探索,名詞,サ変接続,*,*,探索,36
156,0,分割統治法,名詞,固有名詞,一般,*,分割統治法,41
158,0,動的計画法,名詞,固有名詞,一般,*,動的計画法,41
161,0,基づく,動詞,自立,*,*,基づく,31
162,0,アルゴリズム,名詞,一般,*,*,アルゴリズム,38
164,0,説明,名詞,サ変接続,*,*,説明,36
165,0,できる,動詞,自立,*,*,できる,31
170,0,計算,名詞,サ変接続,*,*,計算,36
171,0,量,名詞,接尾,一般,*,量,51
173,0,評価,名詞,サ変接続,*,*,評価,36
174,0,できる,動詞,自立,*,*,できる,31
179,0,ヒープ,名詞,一般,*,*,ヒープ,38
181,0,二分探索木,名詞,固有名詞,一般,*,二分探索木,41
184,0,データ構造,名詞,固有名詞,一般,*,データ構造,41
186,0,能力,名詞,一般,*,*,能力,38
189,0,具体,名詞,一般,*,*,具体,38
190,0,的,名詞,接尾,形容動詞語幹,*,的,52
192,0,実装,名詞,サ変接続,*,*,実装,36
193,0,方法,名詞,一般,*,*,方法,38
195,0,説明,名詞,サ変接続,*,*,説明,36
196,0,できる,動詞,自立,*,*,できる,31
202,0,操作,名詞,サ変接続,*,*,操作,36
204,0,計算,名詞,サ変接続,*,*,計算,36
205,0,量,名詞,接尾,一般,*,量,51
207,0,評価,名詞,サ変接続,*,*,評価,36
208,0,できる,動詞,自立,*,*,できる,31
213,0,C言語,名詞,固有名詞,一般,*,C言語,41
215,0,用い,動詞,自立,*,*,用いる,31
217,0,上記,名詞,一般,*,*,上記,38
219,0,アルゴリズム,名詞,一般,*,*,アルゴリズム,38
221,0,データ構造,名詞,固有名詞,一般,*,データ構造,41
223,0,実装,名詞,サ変接続,*,*,実装,36
224,0,できる,動詞,自立,*,*,できる,31
229,0,未知,名詞,一般,*,*,未知,38
231,0,問題,名詞,ナイ形容詞語幹,*,*,問題,37
234,0,効率,名詞,一般,*,*,効率,38
235,0,的,名詞,接尾,形容動詞語幹,*,的,52
237,0,アルゴリズム,名詞,一般,*,*,アルゴリズム,38
239,0,設計,名詞,サ変接続,*,*,設計,36
240,0,できる,動詞,自立,*,*,できる,31
245,0,二分,名詞,サ変接続,*,*,二分,36
246,0,探索,名詞,サ変接続,*,*,探索,36
248,0,分割統治法,名詞,固有名詞,一般,*,分割統治法,41
250,0,動的計画法,名詞,固有名詞,一般,*,動的計画法,41
253,0,基づく,動詞,自立,*,*,基づく,31
254,0,アルゴリズム,名詞,一般,*,*,アルゴリズム,38
256,0,説明,名詞,サ変接続,*,*,説明,36
257,0,できる,動詞,自立,*,*,できる,31
262,0,計算,名詞,サ変接続,*,*,計算,36
263,0,量,名詞,接尾,一般,*,量,51
265,0,評価,名詞,サ変接続,*,*,評価,36
266,0,できる,動詞,自立,*,*,できる,31
271,0,ヒープ,名詞,一般,*,*,ヒープ,38
273,0,二分探索木,名詞,固有名詞,一般,*,二分探索木,41
276,0,データ構造,名詞,固有名詞,一般,*,データ構造,41
278,0,能力,名詞,一般,*,*,能力,38
281,0,具体,名詞,一般,*,*,具体,38
282,0,的,名詞,接尾,形容動詞語幹,*,的,52
284,0,実装,名詞,サ変接続,*,*,実装,36
285,0,方法,名詞,一般,*,*,方法,38
287,0,説明,名詞,サ変接続,*,*,説明,36
288,0,できる,動詞,自立,*,*,できる,31
294,0,操作,名詞,サ変接続,*,*,操作,36
296,0,計算,名詞,サ変接続,*,*,計算,36
297,0,量,名詞,接尾,一般,*,量,51
299,0,評価,名詞,サ変接続,*,*,評価,36
300,0,できる,動詞,自立,*,*,できる,31
305,0,C言語,名詞,固有名詞,一般,*,C言語,41
307,0,用い,動詞,自立,*,*,用いる,31
309,0,上記,名詞,一般,*,*,上記,38
311,0,アルゴリズム,名詞,一般,*,*,アルゴリズム,38
313,0,データ構造,名詞,固有名詞,一般,*,データ構造,41
315,0,実装,名詞,サ変接続,*,*,実装,36
316,0,できる,動詞,自立,*,*,できる,31
321,0,未知,名詞,一般,*,*,未知,38
323,0,問題,名詞,ナイ形容詞語幹,*,*,問題,37
326,0,効率,名詞,一般,*,*,効率,38
327,0,的,名詞,接尾,形容動詞語幹,*,的,52
329,0,アルゴリズム,名詞,一般,*,*,アルゴリズム,38
331,0,設計,名詞,サ変接続,*,*,設計,36
332,0,できる,動詞,自立,*,*,できる,31
337,0,二分,名詞,サ変接続,*,*,二分,36
338,0,探索,名詞,サ変接続,*,*,探索,36
340,0,分割統治法,名詞,固有名詞,一般,*,分割統治法,41
342,0,動的計画法,名詞,固有名詞,一般,*,動的計画法,41
345,0,基づく,動詞,自立,*,*,基づく,31
346,0,アルゴリズム,名詞,一般,*,*,アルゴリズム,38
348,0,説明,名詞,サ変接続,*,*,説明,36
349,0,できる,動詞,自立,*,*,できる,31
354,0,計算,名詞,サ変接続,*,*,計算,36
355,0,量,名詞,接尾,一般,*,量,51
357,0,評価,名詞,サ変接続,*,*,評価,36
358,0,できる,動詞,自立,*,*,できる,31
363,0,ヒープ,名詞,一般,*,*,ヒープ,38
365,0,二分探索木,名詞,固有名詞,一般,*,二分探索木,41
368,0,データ構造,名詞,固有名詞,一般,*,データ構造,41
370,0,能力,名詞,一般,*,*,能力,38
373,0,具体,名詞,一般,*,*,具体,38
374,0,的,名詞,接尾,形容動詞語幹,*,的,52
376,0,実装,名詞,サ変接続,*,*,実装,36
377,0,方法,名詞,一般,*,*,方法,38
379,0,説明,名詞,サ変接続,*,*,説明,36
380,0,できる,動詞,自立,*,*,できる,31
386,0,操作,名詞,サ変接続,*,*,操作,36
388,0,計算,名詞,サ変接続,*,*,計算,36
389,0,量,名詞,接尾,一般,*,量,51
391,0,評価,名詞,サ変接続,*,*,評価,36
392,0,できる,動詞,自立,*,*,できる,31
397,0,C言語,名詞,固有名詞,一般,*,C言語,41
399,0,用い,動詞,自立,*,*,用いる,31
401,0,上記,名詞,一般,*,*,上記,38
403,0,アルゴリズム,名詞,一般,*,*,アルゴリズム,38
405,0,データ構造,名詞,固有名詞,一般,*,データ構造,41
407,0,実装,名詞,サ変接続,*,*,実装,36
408,0,できる,動詞,自立,*,*,できる,31
413,0,未知,名詞,一般,*,*,未知,38
415,0,問題,名詞,ナイ形容詞語幹,*,*,問題,37
418,0,効率,名詞,一般,*,*,効率,38
419,0,的,名詞,接尾,形容動詞語幹,*,的,52
421,0,アルゴリズム,名詞,一般,*,*,アルゴリズム,38
423,0,設計,名詞,サ変接続,*,*,設計,36
424,0,できる,動詞,自立,*,*,できる,31
1,0,講義,名詞,サ変接続,*,*,講義,36
3,0,履修,名詞,サ変接続,*,*,履修,36
7,0,次,名詞,一般,*,*,次,38
9,0,能力,名詞,一般,*,*,能力,38
11,0,修得,名詞,サ変接続,*,*,修得,36
16,0,コンピュータ,名詞,一般,*,*,コンピュータ,38
18,0,処理,名詞,サ変接続,*,*,処理,36
20,0,行う,動詞,自立,*,*,行う,31
21,0,ため,名詞,非自立,副詞可能,*,ため,66
23,0,標準,名詞,一般,*,*,標準,38
24,0,的,名詞,接尾,形容動詞語幹,*,的,52
26,0,アルゴリズム,名詞,一般,*,*,アルゴリズム,38
28,0,設計,名詞,サ変接続,*,*,設計,36
32,0,できる,動詞,自立,*,*,できる,31
37,0,標準,名詞,一般,*,*,標準,38
38,0,的,名詞,接尾,形容動詞語幹,*,的,52
40,0,アルゴリズム,名詞,一般,*,*,アルゴリズム,38
42,0,適切,名詞,形容動詞語幹,*,*,適切,40
44,0,データ構造,名詞,固有名詞,一般,*,データ構造,41
46,0,用い,動詞,自立,*,*,用いる,31
49,0,プログラム,名詞,サ変接続,*,*,プログラム,36
51,0,実現,名詞,サ変接続,*,*,実現,36
55,0,できる,動詞,自立,*,*,できる,31
59,0,アルゴリズム,名詞,一般,*,*,アルゴリズム,38
61,0,効率,名詞,一般,*,*,効率,38
63,0,説明,名詞,サ変接続,*,*,説明,36
64,0,でき,動詞,自立,*,*,できる,31
66,0,アルゴリズム,名詞,一般,*,*,アルゴリズム,38
68,0,効率,名詞,一般,*,*,効率,38
70,0,定量的,名詞,固有名詞,一般,*,定量的,41
72,0,評価,名詞,サ変接続,*,*,評価,36
73,0,できる,動詞,自立,*,*,できる,31
76,0,講義,名詞,サ変接続,*,*,講義,36
78,0,履修,名詞,サ変接続,*,*,履修,36
82,0,次,名詞,一般,*,*,次,38
84,0,能力,名詞,一般,*,*,能力,38
86,0,修得,名詞,サ変接続,*,*,修得,36
91,0,コンピュータ,名詞,一般,*,*,コンピュータ,38
93,0,処理,名詞,サ変接続,*,*,処理,36
95,0,行う,動詞,自立,*,*,行う,31
96,0,ため,名詞,非自立,副詞可能,*,ため,66
98,0,標準,名詞,一般,*,*,標準,38
99,0,的,名詞,接尾,形容動詞語幹,*,的,52
101,0,アルゴリズム,名詞,一般,*,*,アルゴリズム,38
103,0,設計,名詞,サ変接続,*,*,設計,36
107,0,できる,動詞,自立,*,*,できる,31
112,0,標準,名詞,一般,*,*,標準,38
113,0,的,名詞,接尾,形容動詞語幹,*,的,52
115,0,アルゴリズム,名詞,一般,*,*,アルゴリズム,38
117,0,適切,名詞,形容動詞語幹,*,*,適切,40
119,0,データ構造,名詞,固有名詞,一般,*,データ構造,41
121,0,用い,動詞,自立,*,*,用いる,31
124,0,プログラム,名詞,サ変接続,*,*,プログラム,36
126,0,実現,名詞,サ変接続,*,*,実現,36
130,0,できる,動詞,自立,*,*,できる,31
134,0,アルゴリズム,名詞,一般,*,*,アルゴリズム,38
136,0,効率,名詞,一般,*,*,効率,38
138,0,説明,名詞,サ変接続,*,*,説明,36
139,0,でき,動詞,自立,*,*,できる,31
141,0,アルゴリズム,名詞,一般,*,*,アルゴリズム,38
143,0,効率,名詞,一般,*,*,効率,38
145,0,定量的,名詞,固有名詞,一般,*,定量的,41
147,0,評価,名詞,サ変接続,*,*,評価,36
148,0,できる,動詞,自立,*,*,できる,31
153,0,二分,名詞,サ変接続,*,*,二分,36
154,0,探索,名詞,サ変接続,*,*,探索,36
156,0,分割統治法,名詞,固有名詞,一般,*,分割統治法,41
158,0,動的計画法,名詞,固有名詞,一般,*,動的計画法,41
161,0,基づく,動詞,自立,*,*,基づく,31
162,0,アルゴリズム,名詞,一般,*,*,アルゴリズム,38
164,0,説明,名詞,サ変接続,*,*,説明,36
165,0,できる,動詞,自立,*,*,できる,31
170,0,計算,名詞,サ変接続,*,*,計算,36
171,0,量,名詞,接尾,一般,*,量,51
173,0,評価,名詞,サ変接続,*,*,評価,36
174,0,できる,動詞,自立,*,*,できる,31
179,0,ヒープ,名詞,一般,*,*,ヒープ,38
181,0,二分探索木,名詞,固有名詞,一般,*,二分探索木,41
184,0,データ構造,名詞,固有名詞,一般,*,データ構造,41
186,0,能力,名詞,一般,*,*,能力,38
189,0,具体,名詞,一般,*,*,具体,38
190,0,的,名詞,接尾,形容動詞語幹,*,的,52
192,0,実装,名詞,サ変接続,*,*,実装,36
193,0,方法,名詞,一般,*,*,方法,38
195,0,説明,名詞,サ変接続,*,*,説明,36
196,0,できる,動詞,自立,*,*,できる,31
202,0,操作,名詞,サ変接続,*,*,操作,36
204,0,計算,名詞,サ変接続,*,*,計算,36
205,0,量,名詞,接尾,一般,*,量,51
207,0,評価,名詞,サ変接続,*,*,評価,36
208,0,できる,動詞,自立,*,*,できる,31
213,0,C言語,名詞,固有名詞,一般,*,C言語,41
215,0,用い,動詞,自立,*,*,用いる,31
217,0,上記,名詞,一般,*,*,上記,38
219,0,アルゴリズム,名詞,一般,*,*,アルゴリズム,38
221,0,データ構造,名詞,固有名詞,一般,*,データ構造,41
223,0,実装,名詞,サ変接続,*,*,実装,36
224,0,できる,動詞,自立,*,*,できる,31
229,0,未知,名詞,一般,*,*,未知,38
231,0,問題,名詞,ナイ形容詞語幹,*,*,問題,37
234,0,効率,名詞,一般,*,*,効率,38
235,0,的,名詞,接尾,形容動詞語幹,*,的,52
237,0,アルゴリズム,名詞,一般,*,*,アルゴリズム,38
239,0,設計,名詞,サ変接続,*,*,設計,36
240,0,できる,動詞,自立,*,*,できる,31
245,0,二分,名詞,サ変接続,*,*,二分,36
246,0,探索,名詞,サ変接続,*,*,探索,36
248,0,分割統治法,名詞,固有名詞,一般,*,分割統治法,41
250,0,動的計画法,名詞,固有名詞,一般,*,動的計画法,41
253,0,基づく,動詞,自立,*,*,基づく,31
254,0,アルゴリズム,名詞,一般,*,*,アルゴリズム,38
256,0,説明,名詞,サ変接続,*,*,説明,36
257,0,できる,動詞,自立,*,*,できる,31
262,0,計算,名詞,サ変接続,*,*,計算,36
263,0,量,名詞,接尾,一般,*,量,51
265,0,評価,名詞,サ変接続,*,*,評価,36
266,0,できる,動詞,自立,*,*,できる,31
271,0,ヒープ,名詞,一般,*,*,ヒープ,38
273,0,二分探索木,名詞,固有名詞,一般,*,二分探索木,41
276,0,データ構造,名詞,固有名詞,一般,*,データ構造,41
278,0,能力,名詞,一般,*,*,能力,38
281,0,具体,名詞,一般,*,*,具体,38
282,0,的,名詞,接尾,形容動詞語幹,*,的,52
284,0,実装,名詞,サ変接続,*,*,実装,36
285,0,方法,名詞,一般,*,*,方法,38
287,0,説明,名詞,サ変接続,*,*,説明,36
288,0,できる,動詞,自立,*,*,できる,31
294,0,操作,名詞,サ変接続,*,*,操作,36
296,0,計算,名詞,サ変接続,*,*,計算,36
297,0,量,名詞,接尾,一般,*,量,51
299,0,評価,名詞,サ変接続,*,*,評価,36
300,0,できる,動詞,自立,*,*,できる,31
305,0,C言語,名詞,固有名詞,一般,*,C言語,41
307,0,用い,動詞,自立,*,*,用いる,31
309,0,上記,名詞,一般,*,*,上記,38
311,0,アルゴリズム,名詞,一般,*,*,アルゴリズム,38
313,0,データ構造,名詞,固有名詞,一般,*,データ構造,41
315,0,実装,名詞,サ変接続,*,*,実装,36
316,0,できる,動詞,自立,*,*,できる,31
321,0,未知,名詞,一般,*,*,未知,38
323,0,問題,名詞,ナイ形容詞語幹,*,*,問題,37
326,0,効率,名詞,一般,*,*,効率,38
327,0,的,名詞,接尾,形容動詞語幹,*,的,52
329,0,アルゴリズム,名詞,一般,*,*,アルゴリズム,38
331,0,設計,名詞,サ変接続,*,*,設計,36
332,0,できる,動詞,自立,*,*,できる,31
337,0,二分,名詞,サ変接続,*,*,二分,36
338,0,探索,名詞,サ変接続,*,*,探索,36
340,0,分割統治法,名詞,固有名詞,一般,*,分割統治法,41
342,0,動的計画法,名詞,固有名詞,一般,*,動的計画法,41
345,0,基づく,動詞,自立,*,*,基づく,31
346,0,アルゴリズム,名詞,一般,*,*,アルゴリズム,38
348,0,説明,名詞,サ変接続,*,*,説明,36
349,0,できる,動詞,自立,*,*,できる,31
354,0,計算,名詞,サ変接続,*,*,計算,36
355,0,量,名詞,接尾,一般,*,量,51
357,0,評価,名詞,サ変接続,*,*,評価,36
358,0,できる,動詞,自立,*,*,できる,31
363,0,ヒープ,名詞,一般,*,*,ヒープ,38
365,0,二分探索木,名詞,固有名詞,一般,*,二分探索木,41
368,0,データ構造,名詞,固有名詞,一般,*,データ構造,41
370,0,能力,名詞,一般,*,*,能力,38
373,0,具体,名詞,一般,*,*,具体,38
374,0,的,名詞,接尾,形容動詞語幹,*,的,52
376,0,実装,名詞,サ変接続,*,*,実装,36
377,0,方法,名詞,一般,*,*,方法,38
379,0,説明,名詞,サ変接続,*,*,説明,36
380,0,できる,動詞,自立,*,*,できる,31
386,0,操作,名詞,サ変接続,*,*,操作,36
388,0,計算,名詞,サ変接続,*,*,計算,36
389,0,量,名詞,接尾,一般,*,量,51
391,0,評価,名詞,サ変接続,*,*,評価,36
392,0,できる,動詞,自立,*,*,できる,31
397,0,C言語,名詞,固有名詞,一般,*,C言語,41
399,0,用い,動詞,自立,*,*,用いる,31
401,0,上記,名詞,一般,*,*,上記,38
403,0,アルゴリズム,名詞,一般,*,*,アルゴリズム,38
405,0,データ構造,名詞,固有名詞,一般,*,データ構造,41
407,0,実装,名詞,サ変接続,*,*,実装,36
408,0,できる,動詞,自立,*,*,できる,31
413,0,未知,名詞,一般,*,*,未知,38
415,0,問題,名詞,ナイ形容詞語幹,*,*,問題,37
418,0,効率,名詞,一般,*,*,効率,38
419,0,的,名詞,接尾,形容動詞語幹,*,的,52
421,0,アルゴリズム,名詞,一般,*,*,アルゴリズム,38
423,0,設計,名詞,サ変接続,*,*,設計,36
424,0,できる,動詞,自立,*,*,できる,31
1,0,講義,名詞,サ変接続,*,*,講義,36
3,0,履修,名詞,サ変接続,*,*,履修,36
7,0,次,名詞,一般,*,*,次,38
9,0,能力,名詞,一般,*,*,能力,38
11,0,修得,名詞,サ変接続,*,*,修得,36
16,0,コンピュータ,名詞,一般,*,*,コンピュータ,38
18,0,処理,名詞,サ変接続,*,*,処理,36
20,0,行う,動詞,自立,*,*,行う,31
21,0,ため,名詞,非自立,副詞可能,*,ため,66
23,0,標準,名詞,一般,*,*,標準,38
24,0,的,名詞,接尾,形容動詞語幹,*,的,52
26,0,アルゴリズム,名詞,一般,*,*,アルゴリズム,38
28,0,設計,名詞,サ変接続,*,*,設計,36
32,0,できる,動詞,自立,*,*,できる,31
37,0,標準,名詞,一般,*,*,標準,38
38,0,的,名詞,接尾,形容動詞語幹,*,的,52
40,0,アルゴリズム,名詞,一般,*,*,アルゴリズム,38
42,0,適切,名詞,形容動詞語幹,*,*,適切,40
44,0,データ構造,名詞,固有名詞,一般,*,データ構造,41
46,0,用い,動詞,自立,*,*,用いる,31
49,0,プログラム,名詞,サ変接続,*,*,プログラム,36
51,0,実現,名詞,サ変接続,*,*,実現,36
55,0,できる,動詞,自立,*,*,できる,31
59,0,アルゴリズム,名詞,一般,*,*,アルゴリズム,38
61,0,効率,名詞,一般,*,*,効率,38
63,0,説明,名詞,サ変接続,*,*,説明,36
64,0,でき,動詞,自立,*,*,できる,31
66,0,アルゴリズム,名詞,一般,*,*,アルゴリズム,38
68,0,効率,名詞,一般,*,*,効率,38
70,0,定量的,名詞,固有名詞,一般,*,定量的,41
72,0,評価,名詞,サ変接続,*,*,評価,36
73,0,できる,動詞,自立,*,*,できる,31
76,0,講義,名詞,サ変接続,*,*,講義,36
78,0,履修,名詞,サ変接続,*,*,履修,36
82,0,次,名詞,一般,*,*,次,38
84,0,能力,名詞,一般,*,*,能力,38
86,0,修得,名詞,サ変接続,*,*,修得,36
91,0,コンピュータ,名詞,一般,*,*,コンピュータ,38
93,0,処理,名詞,サ変接続,*,*,処理,36
95,0,行う,動詞,自立,*,*,行う,31
96,0,ため,名詞,非自立,副詞可能,*,ため,66
98,0,標準,名詞,一般,*,*,標準,38
99,0,的,名詞,接尾,形容動詞語幹,*,的,52
101,0,アルゴリズム,名詞,一般,*,*,アルゴリズム,38
103,0,設計,名詞,サ変接続,*,*,設計,36
107,0,できる,動詞,自立,*,*,できる,31
112,0,標準,名詞,一般,*,*,標準,38
113,0,的,名詞,接尾,形容動詞語幹,*,的,52
115,0,アルゴリズム,名詞,一般,*,*,アルゴリズム,38
117,0,適切,名詞,形容動詞語幹,*,*,適切,40
119,0,データ構造,名詞,固有名詞,一般,*,データ構造,41
121,0,用い,動詞,自立,*,*,用いる,31
124,0,プログラム,名詞,サ変接続,*,*,プログラム,36
126,0,実現,名詞,サ変接続,*,*,実現,36
130,0,できる,動詞,自立,*,*,できる,31
134,0,アルゴリズム,名詞,一般,*,*,アルゴリズム,38
136,0,効率,名詞,一般,*,*,効率,38
138,0,説明,名詞,サ変接続,*,*,説明,36
139,0,でき,動詞,自立,*,*,できる,31
141,0,アルゴリズム,名詞,一般,*,*,アルゴリズム,38
143,0,効率,名詞,一般,*,*,効率,38
145,0,定量的,名詞,固有名詞,一般,*,定量的,41
147,0,評価,名詞,サ変接続,*,*,評価,36
148,0,できる,動詞,自立,*,*,できる,31
153,0,二分,名詞,サ変接続,*,*,二分,36
154,0,探索,名詞,サ変接続,*,*,探索,36
156,0,分割統治法,名詞,固有名詞,一般,*,分割統治法,41
158,0,動的計画法,名詞,固有名詞,一般,*,動的計画法,41
161,0,基づく,動詞,自立,*,*,基づく,31
162,0,アルゴリズム,名詞,一般,*,*,アルゴリズム,38
164,0,説明,名詞,サ変接続,*,*,説明,36
165,0,できる,動詞,自立,*,*,できる,31
170,0,計算,名詞,サ変接続,*,*,計算,36
171,0,量,名詞,接尾,一般,*,量,51
173,0,評価,名詞,サ変接続,*,*,評価,36
174,0,できる,動詞,自立,*,*,できる,31
179,0,ヒープ,名詞,一般,*,*,ヒープ,38
181,0,二分探索木,名詞,固有名詞,一般,*,二分探索木,41
184,0,データ構造,名詞,固有名詞,一般,*,データ構造,41
186,0,能力,名詞,一般,*,*,能力,38
189,0,具体,名詞,一般,*,*,具体,38
190,0,的,名詞,接尾,形容動詞語幹,*,的,52
192,0,実装,名詞,サ変接続,*,*,実装,36
193,0,方法,名詞,一般,*,*,方法,38
195,0,説明,名詞,サ変接続,*,*,説明,36
196,0,できる,動詞,自立,*,*,できる,31
202,0,操作,名詞,サ変接続,*,*,操作,36
204,0,計算,名詞,サ変接続,*,*,計算,36
205,0,量,名詞,接尾,一般,*,量,51
207,0,評価,名詞,サ変接続,*,*,評価,36
208,0,できる,動詞,自立,*,*,できる,31
213,0,C言語,名詞,固有名詞,一般,*,C言語,41
215,0,用い,動詞,自立,*,*,用いる,31
217,0,上記,名詞,一般,*,*,上記,38
219,0,アルゴリズム,名詞,一般,*,*,アルゴリズム,38
221,0,データ構造,名詞,固有名詞,一般,*,データ構造,41
223,0,実装,名詞,サ変接続,*,*,実装,36
224,0,できる,動詞,自立,*,*,できる,31
229,0,未知,名詞,一般,*,*,未知,38
231,0,問題,名詞,ナイ形容詞語幹,*,*,問題,37
234,0,効率,名詞,一般,*,*,効率,38
235,0,的,名詞,接尾,形容動詞語幹,*,的,52
237,0,アルゴリズム,名詞,一般,*,*,アルゴリズム,38
239,0,設計,名詞,サ変接続,*,*,設計,36
240,0,できる,動詞,自立,*,*,できる,31
245,0,二分,名詞,サ変接続,*,*,二分,36
246,0,探索,名詞,サ変接続,*,*,探索,36
248,0,分割統治法,名詞,固有名詞,一般,*,分割統治法,41
250,0,動的計画法,名詞,固有名詞,一般,*,動的計画法,41
253,0,基づく,動詞,自立,*,*,基づく,31
254,0,アルゴリズム,名詞,一般,*,*,アルゴリズム,38
256,0,説明,名詞,サ変接続,*,*,説明,36
257,0,できる,動詞,自立,*,*,できる,31
262,0,計算,名詞,サ変接続,*,*,計算,36
263,0,量,名詞,接尾,一般,*,量,51
265,0,評価,名詞,サ変接続,*,*,評価,36
266,0,できる,動詞,自立,*,*,できる,31
271,0,ヒープ,名詞,一般,*,*,ヒープ,38
273,0,二分探索木,名詞,固有名詞,一般,*,二分探索木,41
276,0,データ構造,名詞,固有名詞,一般,*,データ構造,41
278,0,能力,名詞,一般,*,*,能力,38
281,0,具体,名詞,一般,*,*,具体,38
282,0,的,名詞,接尾,形容動詞語幹,*,的,52
284,0,実装,名詞,サ変接続,*,*,実装,36
285,0,方法,名詞,一般,*,*,方法,38
287,0,説明,名詞,サ変接続,*,*,説明,36
288,0,できる,動詞,自立,*,*,できる,31
294,0,操作,名詞,サ変接続,*,*,操作,36
296,0,計算,名詞,サ変接続,*,*,計算,36
297,0,量,名詞,接尾,一般,*,量,51
299,0,評価,名詞,サ変接続,*,*,評価,36
300,0,できる,動詞,自立,*,*,できる,31
305,0,C言語,名詞,固有名詞,一般,*,C言語,41
307,0,用い,動詞,自立,*,*,用いる,31
309,0,上記,名詞,一般,*,*,上記,38
311,0,アルゴリズム,名詞,一般,*,*,アルゴリズム,38
313,0,データ構造,名詞,固有名詞,一般,*,データ構造,41
315,0,実装,名詞,サ変接続,*,*,実装,36
316,0,できる,動詞,自立,*,*,できる,31
321,0,未知,名詞,一般,*,*,未知,38
323,0,問題,名詞,ナイ形容詞語幹,*,*,問題,37
326,0,効率,名詞,一般,*,*,効率,38
327,0,的,名詞,接尾,形容動詞語幹,*,的,52
329,0,アルゴリズム,名詞,一般,*,*,アルゴリズム,38
331,0,設計,名詞,サ変接続,*,*,設計,36
332,0,できる,動詞,自立,*,*,できる,31
337,0,二分,名詞,サ変接続,*,*,二分,36
338,0,探索,名詞,サ変接続,*,*,探索,36
340,0,分割統治法,名詞,固有名詞,一般,*,分割統治法,41
342,0,動的計画法,名詞,固有名詞,一般,*,動的計画法,41
345,0,基づく,動詞,自立,*,*,基づく,31
346,0,アルゴリズム,名詞,一般,*,*,アルゴリズム,38
348,0,説明,名詞,サ変接続,*,*,説明,36
349,0,できる,動詞,自立,*,*,できる,31
354,0,計算,名詞,サ変接続,*,*,計算,36
355,0,量,名詞,接尾,一般,*,量,51
357,0,評価,名詞,サ変接続,*,*,評価,36
358,0,できる,動詞,自立,*,*,できる,31
363,0,ヒープ,名詞,一般,*,*,ヒープ,38
365,0,二分探索木,名詞,固有名詞,一般,*,二分探索木,41
368,0,データ構造,名詞,固有名詞,一般,*,データ構造,41
370,0,能力,名詞,一般,*,*,能力,38
373,0,具体,名詞,一般,*,*,具体,38
374,0,的,名詞,接尾,形容動詞語幹,*,的,52
376,0,実装,名詞,サ変接続,*,*,実装,36
377,0,方法,名詞,一般,*,*,方法,38
379,0,説明,名詞,サ変接続,*,*,説明,36
380,0,できる,動詞,自立,*,*,できる,31
386,0,操作,名詞,サ変接続,*,*,操作,36
388,0,計算,名詞,サ変接続,*,*,計算,36
389,0,量,名詞,接尾,一般,*,量,51
391,0,評価,名詞,サ変接続,*,*,評価,36
392,0,できる,動詞,自立,*,*,できる,31
397,0,C言語,名詞,固有名詞,一般,*,C言語,41
399,0,用い,動詞,自立,*,*,用いる,31
401,0,上記,名詞,一般,*,*,上記,38
403,0,アルゴリズム,名詞,一般,*,*,アルゴリズム,38
405,0,データ構造,名詞,固有名詞,一般,*,データ構造,41
407,0,実装,名詞,サ変接続,*,*,実装,36
408,0,できる,動詞,自立,*,*,できる,31
413,0,未知,名詞,一般,*,*,未知,38
415,0,問題,名詞,ナイ形容詞語幹,*,*,問題,37
418,0,効率,名詞,一般,*,*,効率,38
419,0,的,名詞,接尾,形容動詞語幹,*,的,52
421,0,アルゴリズム,名詞,一般,*,*,アルゴリズム,38
423,0,設計,名詞,サ変接続,*,*,設計,36
424,0,できる,動詞,自立,*,*,できる,31
1,0,リスト,名詞,一般,*,*,リスト,38
2,0,ヒープ,名詞,一般,*,*,ヒープ,38
3,0,二分探索木,名詞,固有名詞,一般,*,二分探索木,41
4,0,グラフ,名詞,一般,*,*,グラフ,38
5,0,アルゴリズム,名詞,一般,*,*,アルゴリズム,38
6,0,文字列,名詞,固有名詞,一般,*,文字列,41
7,0,処理,名詞,サ変接続,*,*,処理,36
8,0,アルゴリズム,名詞,一般,*,*,アルゴリズム,38
10,0,リスト,名詞,一般,*,*,リスト,38
11,0,ヒープ,名詞,一般,*,*,ヒープ,38
12,0,二分探索木,名詞,固有名詞,一般,*,二分探索木,41
13,0,グラフ,名詞,一般,*,*,グラフ,38
14,0,アルゴリズム,名詞,一般,*,*,アルゴリズム,38
15,0,文字列,名詞,固有名詞,一般,*,文字列,41
16,0,処理,名詞,サ変接続,*,*,処理,36
17,0,アルゴリズム,名詞,一般,*,*,アルゴリズム,38
19,0,ヒープ,名詞,一般,*,*,ヒープ,38
20,0,二分探索木,名詞,固有名詞,一般,*,二分探索木,41
23,0,ヒープ,名詞,一般,*,*,ヒープ,38
24,0,二分探索木,名詞,固有名詞,一般,*,二分探索木,41
27,0,ヒープ,名詞,一般,*,*,ヒープ,38
28,0,二分探索木,名詞,固有名詞,一般,*,二分探索木,41
1,0,リスト,名詞,一般,*,*,リスト,38
2,0,ヒープ,名詞,一般,*,*,ヒープ,38
3,0,二分探索木,名詞,固有名詞,一般,*,二分探索木,41
4,0,グラフ,名詞,一般,*,*,グラフ,38
5,0,アルゴリズム,名詞,一般,*,*,アルゴリズム,38
6,0,文字列,名詞,固有名詞,一般,*,文字列,41
7,0,処理,名詞,サ変接続,*,*,処理,36
8,0,アルゴリズム,名詞,一般,*,*,アルゴリズム,38
10,0,リスト,名詞,一般,*,*,リスト,38
11,0,ヒープ,名詞,一般,*,*,ヒープ,38
12,0,二分探索木,名詞,固有名詞,一般,*,二分探索木,41
13,0,グラフ,名詞,一般,*,*,グラフ,38
14,0,アルゴリズム,名詞,一般,*,*,アルゴリズム,38
15,0,文字列,名詞,固有名詞,一般,*,文字列,41
16,0,処理,名詞,サ変接続,*,*,処理,36
17,0,アルゴリズム,名詞,一般,*,*,アルゴリズム,38
19,0,ヒープ,名詞,一般,*,*,ヒープ,38
20,0,二分探索木,名詞,固有名詞,一般,*,二分探索木,41
23,0,ヒープ,名詞,一般,*,*,ヒープ,38
24,0,二分探索木,名詞,固有名詞,一般,*,二分探索木,41
27,0,ヒープ,名詞,一般,*,*,ヒープ,38
28,0,二分探索木,名詞,固有名詞,一般,*,二分探索木,41
1,0,リスト,名詞,一般,*,*,リスト,38
2,0,ヒープ,名詞,一般,*,*,ヒープ,38
3,0,二分探索木,名詞,固有名詞,一般,*,二分探索木,41
4,0,グラフ,名詞,一般,*,*,グラフ,38
5,0,アルゴリズム,名詞,一般,*,*,アルゴリズム,38
6,0,文字列,名詞,固有名詞,一般,*,文字列,41
7,0,処理,名詞,サ変接続,*,*,処理,36
8,0,アルゴリズム,名詞,一般,*,*,アルゴリズム,38
10,0,リスト,名詞,一般,*,*,リスト,38
11,0,ヒープ,名詞,一般,*,*,ヒープ,38
12,0,二分探索木,名詞,固有名詞,一般,*,二分探索木,41
13,0,グラフ,名詞,一般,*,*,グラフ,38
14,0,アルゴリズム,名詞,一般,*,*,アルゴリズム,38
15,0,文字列,名詞,固有名詞,一般,*,文字列,41
16,0,処理,名詞,サ変接続,*,*,処理,36
17,0,アルゴリズム,名詞,一般,*,*,アルゴリズム,38
19,0,ヒープ,名詞,一般,*,*,ヒープ,38
20,0,二分探索木,名詞,固有名詞,一般,*,二分探索木,41
23,0,ヒープ,名詞,一般,*,*,ヒープ,38
24,0,二分探索木,名詞,固有名詞,一般,*,二分探索木,41
27,0,ヒープ,名詞,一般,*,*,ヒープ,38
28,0,二分探索木,名詞,固有名詞,一般,*,二分探索木,41
1,0,リスト,名詞,一般,*,*,リスト,38
2,0,ヒープ,名詞,一般,*,*,ヒープ,38
3,0,二分探索木,名詞,固有名詞,一般,*,二分探索木,41
4,0,グラフ,名詞,一般,*,*,グラフ,38
5,0,アルゴリズム,名詞,一般,*,*,アルゴリズム,38
6,0,文字列,名詞,固有名詞,一般,*,文字列,41
7,0,処理,名詞,サ変接続,*,*,処理,36
8,0,アルゴリズム,名詞,一般,*,*,アルゴリズム,38
10,0,リスト,名詞,一般,*,*,リスト,38
11,0,ヒープ,名詞,一般,*,*,ヒープ,38
12,0,二分探索木,名詞,固有名詞,一般,*,二分探索木,41
13,0,グラフ,名詞,一般,*,*,グラフ,38
14,0,アルゴリズム,名詞,一般,*,*,アルゴリズム,38
15,0,文字列,名詞,固有名詞,一般,*,文字列,41
16,0,処理,名詞,サ変接続,*,*,処理,36
17,0,アルゴリズム,名詞,一般,*,*,アルゴリズム,38
19,0,ヒープ,名詞,一般,*,*,ヒープ,38
20,0,二分探索木,名詞,固有名詞,一般,*,二分探索木,41
23,0,ヒープ,名詞,一般,*,*,ヒープ,38
24,0,二分探索木,名詞,固有名詞,一般,*,二分探索木,41
27,0,ヒープ,名詞,一般,*,*,ヒープ,38
28,0,二分探索木,名詞,固有名詞,一般,*,二分探索木,41
1,0,リスト,名詞,一般,*,*,リスト,38
2,0,ヒープ,名詞,一般,*,*,ヒープ,38
3,0,二分探索木,名詞,固有名詞,一般,*,二分探索木,41
4,0,グラフ,名詞,一般,*,*,グラフ,38
5,0,アルゴリズム,名詞,一般,*,*,アルゴリズム,38
6,0,文字列,名詞,固有名詞,一般,*,文字列,41
7,0,処理,名詞,サ変接続,*,*,処理,36
8,0,アルゴリズム,名詞,一般,*,*,アルゴリズム,38
10,0,リスト,名詞,一般,*,*,リスト,38
11,0,ヒープ,名詞,一般,*,*,ヒープ,38
12,0,二分探索木,名詞,固有名詞,一般,*,二分探索木,41
13,0,グラフ,名詞,一般,*,*,グラフ,38
14,0,アルゴリズム,名詞,一般,*,*,アルゴリズム,38
15,0,文字列,名詞,固有名詞,一般,*,文字列,41
16,0,処理,名詞,サ変接続,*,*,処理,36
17,0,アルゴリズム,名詞,一般,*,*,アルゴリズム,38
19,0,ヒープ,名詞,一般,*,*,ヒープ,38
20,0,二分探索木,名詞,固有名詞,一般,*,二分探索木,41
23,0,ヒープ,名詞,一般,*,*,ヒープ,38
24,0,二分探索木,名詞,固有名詞,一般,*,二分探索木,41
27,0,ヒープ,名詞,一般,*,*,ヒープ,38
28,0,二分探索木,名詞,固有名詞,一般,*,二分探索木,41
0,0,コンピュータサイエンス,名詞,固有名詞,一般,*,computer science,41
3,0,コンピュータサイエンス,名詞,固有名詞,一般,*,computer science,41
6,0,計算機科学,名詞,固有名詞,一般,*,計算機科学,41
7,0,概論,名詞,サ変接続,*,*,概論,36
8,0,コンピュータサイエンス,名詞,固有名詞,一般,*,computer science,41
11,0,コンピュータサイエンス,名詞,固有名詞,一般,*,computer science,41
14,0,計算機科学,名詞,固有名詞,一般,*,計算機科学,41
15,0,概論,名詞,サ変接続,*,*,概論,36
16,0,コンピュータサイエンス,名詞,固有名詞,一般,*,computer science,41
19,0,コンピュータサイエンス,名詞,固有名詞,一般,*,computer science,41
22,0,計算機科学,名詞,固有名詞,一般,*,計算機科学,41
23,0,概論,名詞,サ変接続,*,*,概論,36
24,0,コンピュータサイエンス,名詞,固有名詞,一般,*,computer science,41
27,0,コンピュータサイエンス,名詞,固有名詞,一般,*,computer science,41
30,0,計算機科学,名詞,固有名詞,一般,*,計算機科学,41
31,0,概論,名詞,サ変接続,*,*,概論,36
32,0,コンピュータサイエンス,名詞,固有名詞,一般,*,computer science,41
35,0,コンピュータサイエンス,名詞,固有名詞,一般,*,computer science,41
38,0,計算機科学,名詞,固有名詞,一般,*,計算機科学,41
39,0,概論,名詞,サ変接続,*,*,概論,36
0,0,アルゴリズム,名詞,一般,*,*,アルゴリズム,38
2,0,データ構造,名詞,固有名詞,一般,*,データ構造,41
3,0,アルゴリズム,名詞,一般,*,*,アルゴリズム,38
5,0,データ構造,名詞,固有名詞,一般,*,データ構造,41
6,0,アルゴリズム,名詞,一般,*,*,アルゴリズム,38
8,0,データ構造,名詞,固有名詞,一般,*,データ構造,41
9,0,アルゴリズム,名詞,一般,*,*,アルゴリズム,38
11,0,データ構造,名詞,固有名詞,一般,*,データ構造,41
12,0,アルゴリズム,名詞,一般,*,*,アルゴリズム,38
14,0,データ構造,名詞,固有名詞,一般,*,データ構造,41
0,0,アルゴリズム,名詞,一般,*,*,アルゴリズム,38
2,0,データ構造,名詞,固有名詞,一般,*,データ構造,41
3,0,アルゴリズム,名詞,一般,*,*,アルゴリズム,38
5,0,データ構造,名詞,固有名詞,一般,*,データ構造,41
6,0,アルゴリズム,名詞,一般,*,*,アルゴリズム,38
8,0,データ構造,名詞,固有名詞,一般,*,データ構造,41
9,0,アルゴリズム,名詞,一般,*,*,アルゴリズム,38
11,0,データ構造,名詞,固有名詞,一般,*,データ構造,41
12,0,アルゴリズム,名詞,一般,*,*,アルゴリズム,38
14,0,データ構造,名詞,固有名詞,一般,*,データ構造,41
0,0,アルゴリズム,名詞,一般,*,*,アルゴリズム,38
2,0,データ構造,名詞,固有名詞,一般,*,データ構造,41
3,0,アルゴリズム,名詞,一般,*,*,アルゴリズム,38
5,0,データ構造,名詞,固有名詞,一般,*,データ構造,41
6,0,アルゴリズム,名詞,一般,*,*,アルゴリズム,38
8,0,データ構造,名詞,固有名詞,一般,*,データ構造,41
9,0,アルゴリズム,名詞,一般,*,*,アルゴリズム,38
11,0,データ構造,名詞,固有名詞,一般,*,データ構造,41
12,0,アルゴリズム,名詞,一般,*,*,アルゴリズム,38
14,0,データ構造,名詞,固有名詞,一般,*,データ構造,41
0,0,アルゴリズム,名詞,一般,*,*,アルゴリズム,38
2,0,データ構造,名詞,固有名詞,一般,*,データ構造,41
3,0,アルゴリズム,名詞,一般,*,*,アルゴリズム,38
5,0,データ構造,名詞,固有名詞,一般,*,データ構造,41
6,0,アルゴリズム,名詞,一般,*,*,アルゴリズム,38
8,0,データ構造,名詞,固有名詞,一般,*,データ構造,41
9,0,アルゴリズム,名詞,一般,*,*,アルゴリズム,38
11,0,データ構造,名詞,固有名詞,一般,*,データ構造,41
12,0,アルゴリズム,名詞,一般,*,*,アルゴリズム,38
14,0,データ構造,名詞,固有名詞,一般,*,データ構造,41
0,0,アルゴリズム,名詞,一般,*,*,アルゴリズム,38
2,0,データ構造,名詞,固有名詞,一般,*,データ構造,41
3,0,アルゴリズム,名詞,一般,*,*,アルゴリズム,38
5,0,データ構造,名詞,固有名詞,一般,*,データ構造,41
6,0,アルゴリズム,名詞,一般,*,*,アルゴリズム,38
8,0,データ構造,名詞,固有名詞,一般,*,データ構造,41
9,0,アルゴリズム,名詞,一般,*,*,アルゴリズム,38
11,0,データ構造,名詞,固有名詞,一般,*,データ構造,41
12,0,アルゴリズム,名詞,一般,*,*,アルゴリズム,38
14,0,データ構造,名詞,固有名詞,一般,*,データ構造,41
0,0,アルゴリズム,名詞,一般,*,*,アルゴリズム,38
2,0,データ構造,名詞,固有名詞,一般,*,データ構造,41
3,0,アルゴリズム,名詞,一般,*,*,アルゴリズム,38
5,0,データ構造,名詞,固有名詞,一般,*,データ構造,41
6,0,アルゴリズム,名詞,一般,*,*,アルゴリズム,38
8,0,データ構造,名詞,固有名詞,一般,*,データ構造,41
9,0,アルゴリズム,名詞,一般,*,*,アルゴリズム,38
11,0,データ構造,名詞,固有名詞,一般,*,データ構造,41
12,0,アルゴリズム,名詞,一般,*,*,アルゴリズム,38
14,0,データ構造,名詞,固有名詞,一般,*,データ構造,41
0,0,アルゴリズム,名詞,一般,*,*,アルゴリズム,38
2,0,データ構造,名詞,固有名詞,一般,*,データ構造,41
3,0,アルゴリズム,名詞,一般,*,*,アルゴリズム,38
5,0,データ構造,名詞,固有名詞,一般,*,データ構造,41
6,0,アルゴリズム,名詞,一般,*,*,アルゴリズム,38
8,0,データ構造,名詞,固有名詞,一般,*,データ構造,41
9,0,アルゴリズム,名詞,一般,*,*,アルゴリズム,38
11,0,データ構造,名詞,固有名詞,一般,*,データ構造,41
12,0,アルゴリズム,名詞,一般,*,*,アルゴリズム,38
14,0,データ構造,名詞,固有名詞,一般,*,データ構造,41
0,0,アルゴリズム,名詞,一般,*,*,アルゴリズム,38
2,0,導入,名詞,サ変接続,*,*,導入,36
4,0,コンピュータ,名詞,一般,*,*,コンピュータ,38
5,0,ハードウェア,名詞,一般,*,*,ハードウェア,38
7,0,ソフトウェア,名詞,一般,*,*,ソフトウェア,38
9,0,アルゴリズム,名詞,一般,*,*,アルゴリズム,38
11,0,関係,名詞,サ変接続,*,*,関係,36
12,0,アルゴリズム,名詞,一般,*,*,アルゴリズム,38
14,0,記述法,名詞,固有名詞,一般,*,記述法,41
16,0,計算,名詞,サ変接続,*,*,計算,36
17,0,量,名詞,接尾,一般,*,量,51
18,0,アルゴリズム,名詞,一般,*,*,アルゴリズム,38
20,0,擬似コード,名詞,固有名詞,一般,*,擬似コード,41
22,0,書き,動詞,自立,*,*,書く,31
25,0,効率,名詞,一般,*,*,効率,38
27,0,計算,名詞,サ変接続,*,*,計算,36
28,0,量,名詞,接尾,一般,*,量,51
31,0,解析,名詞,サ変接続,*,*,解析,36
35,0,言語,名詞,一般,*,*,言語,38
36,0,入門,名詞,サ変接続,*,*,入門,36
37,1,基本,名詞,一般,*,*,基本,38
38,1,的,名詞,接尾,形容動詞語幹,*,的,52
40,1,制御,名詞,サ変接続,*,*,制御,36
41,1,文,名詞,一般,*,*,文,38
43,1,配列,名詞,サ変接続,*,*,配列,36
45,1,使い方,名詞,一般,*,*,使い方,38
46,1,理解,名詞,サ変接続,*,*,理解,36
49,1,プログラミング,名詞,サ変接続,*,*,プログラミング,36
50,1,演習,名詞,サ変接続,*,*,演習,36
53,1,言語,名詞,一般,*,*,言語,38
54,1,入門,名詞,サ変接続,*,*,入門,36
55,1,簡単,名詞,形容動詞語幹,*,*,簡単,40
57,1,プログラム,名詞,サ変接続,*,*,プログラム,36
60,1,言語,名詞,一般,*,*,言語,38
62,1,作成,名詞,サ変接続,*,*,作成,36
64,1,再帰,名詞,サ変接続,*,*,再帰,36
66,1,アルゴリズム,名詞,一般,*,*,アルゴリズム,38
67,1,設計,名詞,サ変接続,*,*,設計,36
69,1,二分,名詞,サ変接続,*,*,二分,36
70,1,探索,名詞,サ変接続,*,*,探索,36
72,1,再帰,名詞,サ変接続,*,*,再帰,36
73,1,的,名詞,接尾,形容動詞語幹,*,的,52
75,1,設計,名詞,サ変接続,*,*,設計,36
77,1,分割統治法,名詞,固有名詞,一般,*,分割統治法,41
79,1,導入,名詞,サ変接続,*,*,導入,36
80,1,再帰,名詞,サ変接続,*,*,再帰,36
82,1,考え方,名詞,一般,*,*,考え方,38
84,1,理解,名詞,サ変接続,*,*,理解,36
85,1,分割統治法,名詞,固有名詞,一般,*,分割統治法,41
87,1,アルゴリズム,名詞,一般,*,*,アルゴリズム,38
88,1,設計,名詞,サ変接続,*,*,設計,36
89,1,簡単,名詞,形容動詞語幹,*,*,簡単,40
91,1,計算,名詞,サ変接続,*,*,計算,36
92,1,問題,名詞,ナイ形容詞語幹,*,*,問題,37
94,1,再帰,名詞,サ変接続,*,*,再帰,36
95,1,的,名詞,接尾,形容動詞語幹,*,的,52
97,1,アルゴリズム,名詞,一般,*,*,アルゴリズム,38
99,1,作成,名詞,サ変接続,*,*,作成,36
101,1,プログラミング,名詞,サ変接続,*,*,プログラミング,36
102,1,演習,名詞,サ変接続,*,*,演習,36
104,1,分割統治法,名詞,固有名詞,一般,*,分割統治法,41
105,1,分割統治法,名詞,固有名詞,一般,*,分割統治法,41
107,1,基づく,動詞,自立,*,*,基づく,31
108,1,プログラム,名詞,サ変接続,*,*,プログラム,36
110,1,作成,名詞,サ変接続,*,*,作成,36
111,1,動的計画法,名詞,固有名詞,一般,*,動的計画法,41
113,1,アルゴリズム,名詞,一般,*,*,アルゴリズム,38
114,1,設計,名詞,サ変接続,*,*,設計,36
119,1,メモ化,名詞,固有名詞,一般,*,メモ化,41
120,1,法,名詞,接尾,一般,*,法,51
121,1,動的計画法,名詞,固有名詞,一般,*,動的計画法,41
123,1,アルゴリズム,名詞,一般,*,*,アルゴリズム,38
124,1,設計,名詞,サ変接続,*,*,設計,36
129,1,解,名詞,サ変接続,*,*,解,36
130,1,探索,名詞,サ変接続,*,*,探索,36
131,1,法,名詞,接尾,一般,*,法,51
132,1,標準,名詞,一般,*,*,標準,38
133,1,的,名詞,接尾,形容動詞語幹,*,的,52
135,1,問題,名詞,ナイ形容詞語幹,*,*,問題,37
138,1,再帰,名詞,サ変接続,*,*,再帰,36
140,1,メモ化,名詞,固有名詞,一般,*,メモ化,41
142,1,解,名詞,サ変接続,*,*,解,36
143,1,探索,名詞,サ変接続,*,*,探索,36
144,1,手順,名詞,一般,*,*,手順,38
146,1,アルゴリズム,名詞,一般,*,*,アルゴリズム,38
148,1,作成,名詞,サ変接続,*,*,作成,36
151,1,プログラミング,名詞,サ変接続,*,*,プログラミング,36
152,1,演習,名詞,サ変接続,*,*,演習,36
154,1,動的計画法,名詞,固有名詞,一般,*,動的計画法,41
155,1,動的計画法,名詞,固有名詞,一般,*,動的計画法,41
157,1,再帰,名詞,サ変接続,*,*,再帰,36
159,1,メモ化,名詞,固有名詞,一般,*,メモ化,41
161,1,解,名詞,サ変接続,*,*,解,36
162,1,探索,名詞,サ変接続,*,*,探索,36
165,1,用い,動詞,自立,*,*,用いる,31
167,1,プログラム,名詞,サ変接続,*,*,プログラム,36
169,1,作成,名詞,サ変接続,*,*,作成,36
170,1,乱,名詞,一般,*,*,乱,38
171,1,択,名詞,固有名詞,人名,名,択,44
172,1,法,名詞,接尾,一般,*,法,51
174,1,アルゴリズム,名詞,一般,*,*,アルゴリズム,38
176,1,設計,名詞,サ変接続,*,*,設計,36
177,1,乱択アルゴリズム,名詞,固有名詞,一般,*,乱択アルゴリズム,41
179,1,解析,名詞,サ変接続,*,*,解析,36
180,1,データ構造,名詞,固有名詞,一般,*,データ構造,41
182,1,ヒープ,名詞,一般,*,*,ヒープ,38
183,1,ヒープ,名詞,一般,*,*,ヒープ,38
186,1,効率,名詞,一般,*,*,効率,38
189,1,理解,名詞,サ変接続,*,*,理解,36
191,1,言語,名詞,一般,*,*,言語,38
193,1,レコード,名詞,一般,*,*,レコード,38
194,1,型,名詞,接尾,一般,*,型,51
196,1,ポインタ,名詞,一般,*,*,ポインタ,38
197,1,型,名詞,接尾,一般,*,型,51
198,1,レコード,名詞,一般,*,*,レコード,38
199,1,型,名詞,接尾,一般,*,型,51
201,1,ポインタ,名詞,一般,*,*,ポインタ,38
202,1,型,名詞,接尾,一般,*,型,51
204,1,理解,名詞,サ変接続,*,*,理解,36
206,1,プログラミング,名詞,サ変接続,*,*,プログラミング,36
207,1,演習,名詞,サ変接続,*,*,演習,36
209,1,レコード,名詞,一般,*,*,レコード,38
210,1,型,名詞,接尾,一般,*,型,51
212,1,ポインタ,名詞,一般,*,*,ポインタ,38
213,1,型,名詞,接尾,一般,*,型,51
214,1,レコード,名詞,一般,*,*,レコード,38
215,1,型,名詞,接尾,一般,*,型,51
217,1,ポインタ,名詞,一般,*,*,ポインタ,38
218,1,型,名詞,接尾,一般,*,型,51
220,1,用い,動詞,自立,*,*,用いる,31
222,1,プログラム,名詞,サ変接続,*,*,プログラム,36
224,1,作成,名詞,サ変接続,*,*,作成,36
225,1,プログラミング,名詞,サ変接続,*,*,プログラミング,36
226,1,演習,名詞,サ変接続,*,*,演習,36
228,1,ポインタ,名詞,一般,*,*,ポインタ,38
229,1,型,名詞,接尾,一般,*,型,51
231,1,高度,名詞,形容動詞語幹,*,*,高度,40
233,1,利用,名詞,サ変接続,*,*,利用,36
234,1,メモリ,名詞,一般,*,*,メモリ,38
235,1,割り当て,名詞,サ変接続,*,*,割り当て,36
236,1,コマンド,名詞,一般,*,*,コマンド,38
238,1,用い,動詞,自立,*,*,用いる,31
240,1,プログラム,名詞,サ変接続,*,*,プログラム,36
242,1,作成,名詞,サ変接続,*,*,作成,36
243,1,ポインタ,名詞,一般,*,*,ポインタ,38
244,1,型,名詞,接尾,一般,*,型,51
246,1,用い,動詞,自立,*,*,用いる,31
248,1,データ構造,名詞,固有名詞,一般,*,データ構造,41
250,1,線形,名詞,一般,*,*,線形,38
251,1,リスト,名詞,一般,*,*,リスト,38
253,1,二分探索木,名詞,固有名詞,一般,*,二分探索木,41
254,1,線形,名詞,一般,*,*,線形,38
255,1,リスト,名詞,一般,*,*,リスト,38
257,1,二分探索木,名詞,固有名詞,一般,*,二分探索木,41
259,1,用い,動詞,自立,*,*,用いる,31
261,1,プログラム,名詞,サ変接続,*,*,プログラム,36
263,1,作成,名詞,サ変接続,*,*,作成,36
264,1,法,名詞,接尾,一般,*,法,51
265,1,プログラミング,名詞,サ変接続,*,*,プログラミング,36
266,1,演習,名詞,サ変接続,*,*,演習,36
268,1,リスト,名詞,固有名詞,人名,姓,リスト,43
269,1,構造,名詞,一般,*,*,構造,38
270,1,線形,名詞,一般,*,*,線形,38
271,1,リスト,名詞,一般,*,*,リスト,38
273,1,二分探索木,名詞,固有名詞,一般,*,二分探索木,41
275,1,用い,動詞,自立,*,*,用いる,31
277,1,プログラム,名詞,サ変接続,*,*,プログラム,36
279,1,作成,名詞,サ変接続,*,*,作成,36
280,1,ハッシュハッシュ,名詞,固有名詞,一般,*,ハッシュハッシュ,41
282,1,解析,名詞,サ変接続,*,*,解析,36
283,1,著名,名詞,形容動詞語幹,*,*,著名,40
285,1,アルゴリズム,名詞,一般,*,*,アルゴリズム,38
289,1,最短,名詞,一般,*,*,最短,38
290,1,経路,名詞,一般,*,*,経路,38
291,1,探索,名詞,サ変接続,*,*,探索,36
292,1,アルゴリズム,名詞,一般,*,*,アルゴリズム,38
293,1,最短,名詞,一般,*,*,最短,38
294,1,経路,名詞,一般,*,*,経路,38
295,1,アルゴリズム,名詞,一般,*,*,アルゴリズム,38
297,1,理解,名詞,サ変接続,*,*,理解,36
298,1,著名,名詞,形容動詞語幹,*,*,著名,40
300,1,アルゴリズム,名詞,一般,*,*,アルゴリズム,38
304,1,文字列,名詞,固有名詞,一般,*,文字列,41
305,1,照合,名詞,サ変接続,*,*,照合,36
306,1,アルゴリズム,名詞,一般,*,*,アルゴリズム,38
307,1,文字列,名詞,固有名詞,一般,*,文字列,41
308,1,照合,名詞,サ変接続,*,*,照合,36
309,1,アルゴリズム,名詞,一般,*,*,アルゴリズム,38
311,1,理解,名詞,サ変接続,*,*,理解,36
312,1,実践,名詞,サ変接続,*,*,実践,36
313,1,アルゴリズム,名詞,一般,*,*,アルゴリズム,38
315,1,計測,名詞,サ変接続,*,*,計測,36
316,1,系,名詞,接尾,一般,*,系,51
318,1,制御,名詞,サ変接続,*,*,制御,36
319,1,系,名詞,接尾,一般,*,系,51
321,1,ため,名詞,非自立,副詞可能,*,ため,66
323,1,アルゴリズム,名詞,一般,*,*,アルゴリズム,38
324,1,計測,名詞,サ変接続,*,*,計測,36
325,1,系,名詞,接尾,一般,*,系,51
327,1,制御,名詞,サ変接続,*,*,制御,36
328,1,系,名詞,接尾,一般,*,系,51
330,1,ため,名詞,非自立,副詞可能,*,ため,66
332,1,アルゴリズム,名詞,一般,*,*,アルゴリズム,38
334,1,理解,名詞,サ変接続,*,*,理解,36
335,1,プログラミング,名詞,サ変接続,*,*,プログラミング,36
336,1,演習,名詞,サ変接続,*,*,演習,36
338,1,実践,名詞,サ変接続,*,*,実践,36
339,1,的,名詞,接尾,形容動詞語幹,*,的,52
340,1,アルゴリズム,名詞,一般,*,*,アルゴリズム,38
342,1,プログラム,名詞,サ変接続,*,*,プログラム,36
343,1,化,名詞,接尾,サ変接続,*,化,50
351,1,アルゴリズム,名詞,一般,*,*,アルゴリズム,38
353,1,プログラム,名詞,サ変接続,*,*,プログラム,36
354,1,化,名詞,接尾,サ変接続,*,化,50
355,1,アルゴリズム,名詞,一般,*,*,アルゴリズム,38
357,1,導入,名詞,サ変接続,*,*,導入,36
359,1,コンピュータ,名詞,一般,*,*,コンピュータ,38
360,1,ハードウェア,名詞,一般,*,*,ハードウェア,38
362,1,ソフトウェア,名詞,一般,*,*,ソフトウェア,38
364,1,アルゴリズム,名詞,一般,*,*,アルゴリズム,38
366,1,関係,名詞,サ変接続,*,*,関係,36
367,1,アルゴリズム,名詞,一般,*,*,アルゴリズム,38
369,1,記述法,名詞,固有名詞,一般,*,記述法,41
371,1,計算,名詞,サ変接続,*,*,計算,36
372,1,量,名詞,接尾,一般,*,量,51
373,1,アルゴリズム,名詞,一般,*,*,アルゴリズム,38
375,1,擬似コード,名詞,固有名詞,一般,*,擬似コード,41
377,1,書き,動詞,自立,*,*,書く,31
380,1,効率,名詞,一般,*,*,効率,38
382,1,計算,名詞,サ変接続,*,*,計算,36
383,1,量,名詞,接尾,一般,*,量,51
386,1,解析,名詞,サ変接続,*,*,解析,36
390,1,言語,名詞,一般,*,*,言語,38
391,1,入門,名詞,サ変接続,*,*,入門,36
392,2,基本,名詞,一般,*,*,基本,38
393,2,的,名詞,接尾,形容動詞語幹,*,的,52
395,2,制御,名詞,サ変接続,*,*,制御,36
396,2,文,名詞,一般,*,*,文,38
398,2,配列,名詞,サ変接続,*,*,配列,36
400,2,使い方,名詞,一般,*,*,使い方,38
401,2,理解,名詞,サ変接続,*,*,理解,36
404,2,プログラミング,名詞,サ変接続,*,*,プログラミング,36
405,2,演習,名詞,サ変接続,*,*,演習,36
408,2,言語,名詞,一般,*,*,言語,38
409,2,入門,名詞,サ変接続,*,*,入門,36
410,2,簡単,名詞,形容動詞語幹,*,*,簡単,40
412,2,プログラム,名詞,サ変接続,*,*,プログラム,36
415,2,言語,名詞,一般,*,*,言語,38
417,2,作成,名詞,サ変接続,*,*,作成,36
419,2,再帰,名詞,サ変接続,*,*,再帰,36
421,2,アルゴリズム,名詞,一般,*,*,アルゴリズム,38
422,2,設計,名詞,サ変接続,*,*,設計,36
424,2,二分,名詞,サ変接続,*,*,二分,36
425,2,探索,名詞,サ変接続,*,*,探索,36
427,2,再帰,名詞,サ変接続,*,*,再帰,36
428,2,的,名詞,接尾,形容動詞語幹,*,的,52
430,2,設計,名詞,サ変接続,*,*,設計,36
432,2,分割統治法,名詞,固有名詞,一般,*,分割統治法,41
434,2,導入,名詞,サ変接続,*,*,導入,36
435,2,再帰,名詞,サ変接続,*,*,再帰,36
437,2,考え方,名詞,一般,*,*,考え方,38
439,2,理解,名詞,サ変接続,*,*,理解,36
440,2,分割統治法,名詞,固有名詞,一般,*,分割統治法,41
442,2,アルゴリズム,名詞,一般,*,*,アルゴリズム,38
443,2,設計,名詞,サ変接続,*,*,設計,36
444,2,簡単,名詞,形容動詞語幹,*,*,簡単,40
446,2,計算,名詞,サ変接続,*,*,計算,36
447,2,問題,名詞,ナイ形容詞語幹,*,*,問題,37
449,2,再帰,名詞,サ変接続,*,*,再帰,36
450,2,的,名詞,接尾,形容動詞語幹,*,的,52
452,2,アルゴリズム,名詞,一般,*,*,アルゴリズム,38
454,2,作成,名詞,サ変接続,*,*,作成,36
456,2,プログラミング,名詞,サ変接続,*,*,プログラミング,36
457,2,演習,名詞,サ変接続,*,*,演習,36
459,2,分割統治法,名詞,固有名詞,一般,*,分割統治法,41
460,2,分割統治法,名詞,固有名詞,一般,*,分割統治法,41
462,2,基づく,動詞,自立,*,*,基づく,31
463,2,プログラム,名詞,サ変接続,*,*,プログラム,36
465,2,作成,名詞,サ変接続,*,*,作成,36
466,2,動的計画法,名詞,固有名詞,一般,*,動的計画法,41
468,2,アルゴリズム,名詞,一般,*,*,アルゴリズム,38
469,2,設計,名詞,サ変接続,*,*,設計,36
474,2,メモ化,名詞,固有名詞,一般,*,メモ化,41
475,2,法,名詞,接尾,一般,*,法,51
476,2,動的計画法,名詞,固有名詞,一般,*,動的計画法,41
478,2,アルゴリズム,名詞,一般,*,*,アルゴリズム,38
479,2,設計,名詞,サ変接続,*,*,設計,36
484,2,解,名詞,サ変接続,*,*,解,36
485,2,探索,名詞,サ変接続,*,*,探索,36
486,2,法,名詞,接尾,一般,*,法,51
487,2,標準,名詞,一般,*,*,標準,38
488,2,的,名詞,接尾,形容動詞語幹,*,的,52
490,2,問題,名詞,ナイ形容詞語幹,*,*,問題,37
493,2,再帰,名詞,サ変接続,*,*,再帰,36
495,2,メモ化,名詞,固有名詞,一般,*,メモ化,41
497,2,解,名詞,サ変接続,*,*,解,36
498,2,探索,名詞,サ変接続,*,*,探索,36
499,2,手順,名詞,一般,*,*,手順,38
501,2,アルゴリズム,名詞,一般,*,*,アルゴリズム,38
503,2,作成,名詞,サ変接続,*,*,作成,36
506,2,プログラミング,名詞,サ変接続,*,*,プログラミング,36
507,2,演習,名詞,サ変接続,*,*,演習,36
509,2,動的計画法,名詞,固有名詞,一般,*,動的計画法,41
510,2,動的計画法,名詞,固有名詞,一般,*,動的計画法,41
512,2,再帰,名詞,サ変接続,*,*,再帰,36
514,2,メモ化,名詞,固有名詞,一般,*,メモ化,41
516,2,解,名詞,サ変接続,*,*,解,36
517,2,探索,名詞,サ変接続,*,*,探索,36
520,2,用い,動詞,自立,*,*,用いる,31
522,2,プログラム,名詞,サ変接続,*,*,プログラム,36
524,2,作成,名詞,サ変接続,*,*,作成,36
525,2,乱,名詞,一般,*,*,乱,38
526,2,択,名詞,固有名詞,人名,名,択,44
527,2,法,名詞,接尾,一般,*,法,51
529,2,アルゴリズム,名詞,一般,*,*,アルゴリズム,38
531,2,設計,名詞,サ変接続,*,*,設計,36
532,2,乱択アルゴリズム,名詞,固有名詞,一般,*,乱択アルゴリズム,41
534,2,解析,名詞,サ変接続,*,*,解析,36
535,2,データ構造,名詞,固有名詞,一般,*,データ構造,41
537,2,ヒープ,名詞,一般,*,*,ヒープ,38
538,2,ヒープ,名詞,一般,*,*,ヒープ,38
541,2,効率,名詞,一般,*,*,効率,38
544,2,理解,名詞,サ変接続,*,*,理解,36
546,2,言語,名詞,一般,*,*,言語,38
548,2,レコード,名詞,一般,*,*,レコード,38
549,2,型,名詞,接尾,一般,*,型,51
551,2,ポインタ,名詞,一般,*,*,ポインタ,38
552,2,型,名詞,接尾,一般,*,型,51
553,2,レコード,名詞,一般,*,*,レコード,38
554,2,型,名詞,接尾,一般,*,型,51
556,2,ポインタ,名詞,一般,*,*,ポインタ,38
557,2,型,名詞,接尾,一般,*,型,51
559,2,理解,名詞,サ変接続,*,*,理解,36
561,2,プログラミング,名詞,サ変接続,*,*,プログラミング,36
562,2,演習,名詞,サ変接続,*,*,演習,36
564,2,レコード,名詞,一般,*,*,レコード,38
565,2,型,名詞,接尾,一般,*,型,51
567,2,ポインタ,名詞,一般,*,*,ポインタ,38
568,2,型,名詞,接尾,一般,*,型,51
569,2,レコード,名詞,一般,*,*,レコード,38
570,2,型,名詞,接尾,一般,*,型,51
572,2,ポインタ,名詞,一般,*,*,ポインタ,38
573,2,型,名詞,接尾,一般,*,型,51
575,2,用い,動詞,自立,*,*,用いる,31
577,2,プログラム,名詞,サ変接続,*,*,プログラム,36
579,2,作成,名詞,サ変接続,*,*,作成,36
580,2,プログラミング,名詞,サ変接続,*,*,プログラミング,36
581,2,演習,名詞,サ変接続,*,*,演習,36
583,2,ポインタ,名詞,一般,*,*,ポインタ,38
584,2,型,名詞,接尾,一般,*,型,51
586,2,高度,名詞,形容動詞語幹,*,*,高度,40
588,2,利用,名詞,サ変接続,*,*,利用,36
589,2,メモリ,名詞,一般,*,*,メモリ,38
590,2,割り当て,名詞,サ変接続,*,*,割り当て,36
591,2,コマンド,名詞,一般,*,*,コマンド,38
593,2,用い,動詞,自立,*,*,用いる,31
595,2,プログラム,名詞,サ変接続,*,*,プログラム,36
597,2,作成,名詞,サ変接続,*,*,作成,36
598,2,ポインタ,名詞,一般,*,*,ポインタ,38
599,2,型,名詞,接尾,一般,*,型,51
601,2,用い,動詞,自立,*,*,用いる,31
603,2,データ構造,名詞,固有名詞,一般,*,データ構造,41
605,2,線形,名詞,一般,*,*,線形,38
606,2,リスト,名詞,一般,*,*,リスト,38
608,2,二分探索木,名詞,固有名詞,一般,*,二分探索木,41
609,2,線形,名詞,一般,*,*,線形,38
610,2,リスト,名詞,一般,*,*,リスト,38
612,2,二分探索木,名詞,固有名詞,一般,*,二分探索木,41
614,2,用い,動詞,自立,*,*,用いる,31
616,2,プログラム,名詞,サ変接続,*,*,プログラム,36
618,2,作成,名詞,サ変接続,*,*,作成,36
619,2,法,名詞,接尾,一般,*,法,51
620,2,プログラミング,名詞,サ変接続,*,*,プログラミング,36
621,2,演習,名詞,サ変接続,*,*,演習,36
623,2,リスト,名詞,固有名詞,人名,姓,リスト,43
624,2,構造,名詞,一般,*,*,構造,38
625,2,線形,名詞,一般,*,*,線形,38
626,2,リスト,名詞,一般,*,*,リスト,38
628,2,二分探索木,名詞,固有名詞,一般,*,二分探索木,41
630,2,用い,動詞,自立,*,*,用いる,31
632,2,プログラム,名詞,サ変接続,*,*,プログラム,36
634,2,作成,名詞,サ変接続,*,*,作成,36
635,2,ハッシュハッシュ,名詞,固有名詞,一般,*,ハッシュハッシュ,41
637,2,解析,名詞,サ変接続,*,*,解析,36
638,2,著名,名詞,形容動詞語幹,*,*,著名,40
640,2,アルゴリズム,名詞,一般,*,*,アルゴリズム,38
644,2,最短,名詞,一般,*,*,最短,38
645,2,経路,名詞,一般,*,*,経路,38
646,2,探索,名詞,サ変接続,*,*,探索,36
647,2,アルゴリズム,名詞,一般,*,*,アルゴリズム,38
648,2,最短,名詞,一般,*,*,最短,38
649,2,経路,名詞,一般,*,*,経路,38
650,2,アルゴリズム,名詞,一般,*,*,アルゴリズム,38
652,2,理解,名詞,サ変接続,*,*,理解,36
653,2,著名,名詞,形容動詞語幹,*,*,著名,40
655,2,アルゴリズム,名詞,一般,*,*,アルゴリズム,38
659,2,文字列,名詞,固有名詞,一般,*,文字列,41
660,2,照合,名詞,サ変接続,*,*,照合,36
661,2,アルゴリズム,名詞,一般,*,*,アルゴリズム,38
662,2,文字列,名詞,固有名詞,一般,*,文字列,41
663,2,照合,名詞,サ変接続,*,*,照合,36
664,2,アルゴリズム,名詞,一般,*,*,アルゴリズム,38
666,2,理解,名詞,サ変接続,*,*,理解,36
667,2,実践,名詞,サ変接続,*,*,実践,36
668,2,アルゴリズム,名詞,一般,*,*,アルゴリズム,38
670,2,計測,名詞,サ変接続,*,*,計測,36
671,2,系,名詞,接尾,一般,*,系,51
673,2,制御,名詞,サ変接続,*,*,制御,36
674,2,系,名詞,接尾,一般,*,系,51
676,2,ため,名詞,非自立,副詞可能,*,ため,66
678,2,アルゴリズム,名詞,一般,*,*,アルゴリズム,38
679,2,計測,名詞,サ変接続,*,*,計測,36
680,2,系,名詞,接尾,一般,*,系,51
682,2,制御,名詞,サ変接続,*,*,制御,36
683,2,系,名詞,接尾,一般,*,系,51
685,2,ため,名詞,非自立,副詞可能,*,ため,66
687,2,アルゴリズム,名詞,一般,*,*,アルゴリズム,38
689,2,理解,名詞,サ変接続,*,*,理解,36
690,2,プログラミング,名詞,サ変接続,*,*,プログラミング,36
691,2,演習,名詞,サ変接続,*,*,演習,36
693,2,実践,名詞,サ変接続,*,*,実践,36
694,2,的,名詞,接尾,形容動詞語幹,*,的,52
695,2,アルゴリズム,名詞,一般,*,*,アルゴリズム,38
697,2,プログラム,名詞,サ変接続,*,*,プログラム,36
698,2,化,名詞,接尾,サ変接続,*,化,50
706,2,アルゴリズム,名詞,一般,*,*,アルゴリズム,38
708,2,プログラム,名詞,サ変接続,*,*,プログラム,36
709,2,化,名詞,接尾,サ変接続,*,化,50
710,2,アルゴリズム,名詞,一般,*,*,アルゴリズム,38
712,2,漸化式,名詞,固有名詞,一般,*,漸化式,41
714,2,ユークリッドの互除法,名詞,固有名詞,一般,*,ユークリッドの互除法,41
716,2,二分,名詞,サ変接続,*,*,二分,36
717,2,探索,名詞,サ変接続,*,*,探索,36
718,2,ユークリッドの互除法,名詞,固有名詞,一般,*,ユークリッドの互除法,41
720,2,二分,名詞,サ変接続,*,*,二分,36
721,2,探索,名詞,サ変接続,*,*,探索,36
723,2,アルゴリズム,名詞,一般,*,*,アルゴリズム,38
725,2,説明,名詞,サ変接続,*,*,説明,36
726,2,できる,動詞,自立,*,*,できる,31
729,2,なる,動詞,自立,*,*,なる,31
731,2,C言語,名詞,固有名詞,一般,*,C言語,41
732,2,入門,名詞,サ変接続,*,*,入門,36
734,2,演習,名詞,サ変接続,*,*,演習,36
736,2,ユークリッドの互除法,名詞,固有名詞,一般,*,ユークリッドの互除法,41
738,2,二分,名詞,サ変接続,*,*,二分,36
739,2,探索,名詞,サ変接続,*,*,探索,36
740,3,基本,名詞,一般,*,*,基本,38
741,3,的,名詞,接尾,形容動詞語幹,*,的,52
743,3,C言語,名詞,固有名詞,一般,*,C言語,41
745,3,書ける,動詞,自立,*,*,書ける,31
748,3,なり,動詞,自立,*,*,なる,31
750,3,ユークリッドの互除法,名詞,固有名詞,一般,*,ユークリッドの互除法,41
752,3,二分,名詞,サ変接続,*,*,二分,36
753,3,探索,名詞,サ変接続,*,*,探索,36
755,3,書ける,動詞,自立,*,*,書ける,31
758,3,なる,動詞,自立,*,*,なる,31
760,3,計算,名詞,サ変接続,*,*,計算,36
761,3,量,名詞,接尾,一般,*,量,51
763,3,オーダー,名詞,サ変接続,*,*,オーダー,36
765,3,ユークリッドの互除法,名詞,固有名詞,一般,*,ユークリッドの互除法,41
767,3,二分,名詞,サ変接続,*,*,二分,36
768,3,探索,名詞,サ変接続,*,*,探索,36
769,4,ユークリッドの互除法,名詞,固有名詞,一般,*,ユークリッドの互除法,41
771,4,二分,名詞,サ変接続,*,*,二分,36
772,4,探索,名詞,サ変接続,*,*,探索,36
774,4,計算,名詞,サ変接続,*,*,計算,36
775,4,量,名詞,接尾,一般,*,量,51
777,4,評価,名詞,サ変接続,*,*,評価,36
778,4,できる,動詞,自立,*,*,できる,31
781,4,なる,動詞,自立,*,*,なる,31
783,4,オーダー,名詞,サ変接続,*,*,オーダー,36
784,4,記法,名詞,一般,*,*,記法,38
786,4,正しく,形容詞,自立,*,*,正しい,10
787,4,使える,動詞,自立,*,*,使える,31
790,4,なる,動詞,自立,*,*,なる,31
792,4,分割統治法,名詞,固有名詞,一般,*,分割統治法,41
794,4,選択,名詞,サ変接続,*,*,選択,36
795,4,ソート,名詞,一般,*,*,ソート,38
797,4,挿入,名詞,サ変接続,*,*,挿入,36
798,4,ソート,名詞,一般,*,*,ソート,38
800,4,マージソート,名詞,固有名詞,一般,*,マージソート,41
802,4,計算,名詞,サ変接続,*,*,計算,36
803,4,量,名詞,接尾,一般,*,量,51
805,4,評価,名詞,サ変接続,*,*,評価,36
806,4,ソート,名詞,一般,*,*,ソート,38
807,4,問題,名詞,ナイ形容詞語幹,*,*,問題,37
809,4,選択,名詞,サ変接続,*,*,選択,36
810,4,ソート,名詞,一般,*,*,ソート,38
812,4,挿入,名詞,サ変接続,*,*,挿入,36
813,4,ソート,名詞,一般,*,*,ソート,38
815,4,マージソート,名詞,固有名詞,一般,*,マージソート,41
817,4,説明,名詞,サ変接続,*,*,説明,36
818,4,できる,動詞,自立,*,*,できる,31
821,4,なる,動詞,自立,*,*,なる,31
825,4,計算,名詞,サ変接続,*,*,計算,36
826,4,量,名詞,接尾,一般,*,量,51
828,4,評価,名詞,サ変接続,*,*,評価,36
829,4,できる,動詞,自立,*,*,できる,31
832,4,なる,動詞,自立,*,*,なる,31
834,4,分割統治法,名詞,固有名詞,一般,*,分割統治法,41
836,4,演習,名詞,サ変接続,*,*,演習,36
838,4,クイック,名詞,一般,*,*,クイック,38
839,4,セレクト,名詞,サ変接続,*,*,セレクト,36
841,4,クイックソート,名詞,固有名詞,一般,*,クイックソート,41
842,4,クイック,名詞,一般,*,*,クイック,38
843,4,セレクト,名詞,サ変接続,*,*,セレクト,36
845,4,クイックソート,名詞,固有名詞,一般,*,クイックソート,41
847,4,C言語,名詞,固有名詞,一般,*,C言語,41
849,4,書ける,動詞,自立,*,*,書ける,31
852,4,なる,動詞,自立,*,*,なる,31
854,4,分割統治法,名詞,固有名詞,一般,*,分割統治法,41
856,4,集合被覆問題,名詞,固有名詞,一般,*,集合被覆問題,41
858,4,高速,名詞,一般,*,*,高速,38
859,4,ゼータ,名詞,固有名詞,一般,*,Zeta,41
860,4,変換,名詞,サ変接続,*,*,変換,36
861,4,高速,名詞,一般,*,*,高速,38
862,4,ゼータ,名詞,固有名詞,一般,*,Zeta,41
863,4,変換,名詞,サ変接続,*,*,変換,36
866,4,高度,名詞,形容動詞語幹,*,*,高度,40
868,4,分割統治法,名詞,固有名詞,一般,*,分割統治法,41
870,4,説明,名詞,サ変接続,*,*,説明,36
871,4,できる,動詞,自立,*,*,できる,31
874,4,なる,動詞,自立,*,*,なる,31
876,4,高速,名詞,一般,*,*,高速,38
877,4,ゼータ,名詞,固有名詞,一般,*,Zeta,41
878,4,変換,名詞,サ変接続,*,*,変換,36
880,4,用い,動詞,自立,*,*,用いる,31
882,4,集合被覆問題,名詞,固有名詞,一般,*,集合被覆問題,41
884,4,効率的,名詞,固有名詞,一般,*,効率的,41
886,4,解く,動詞,自立,*,*,解く,31
887,4,アルゴリズム,名詞,一般,*,*,アルゴリズム,38
889,4,説明,名詞,サ変接続,*,*,説明,36
890,4,できる,動詞,自立,*,*,できる,31
892,4,動的計画法,名詞,固有名詞,一般,*,動的計画法,41
894,4,フィボナッチ数,名詞,固有名詞,一般,*,フィボナッチ数,41
896,4,分割数,名詞,固有名詞,一般,*,分割数,41
897,4,分割,名詞,サ変接続,*,*,分割,36
898,4,数,名詞,接尾,一般,*,数,51
900,4,計算,名詞,サ変接続,*,*,計算,36
902,4,動的計画法,名詞,固有名詞,一般,*,動的計画法,41
904,4,アルゴリズム,名詞,一般,*,*,アルゴリズム,38
906,4,説明,名詞,サ変接続,*,*,説明,36
907,4,できる,動詞,自立,*,*,できる,31
910,4,なる,動詞,自立,*,*,なる,31
912,4,動的計画法,名詞,固有名詞,一般,*,動的計画法,41
914,4,演習,名詞,サ変接続,*,*,演習,36
916,4,メモ化,名詞,固有名詞,一般,*,メモ化,41
917,4,再帰,名詞,サ変接続,*,*,再帰,36
919,4,ボトムアップ,名詞,一般,*,*,ボトムアップ,38
920,4,法,名詞,接尾,一般,*,法,51
922,4,計算,名詞,サ変接続,*,*,計算,36
923,4,量,名詞,接尾,一般,*,量,51
925,4,評価,名詞,サ変接続,*,*,評価,36
926,4,分割,名詞,サ変接続,*,*,分割,36
927,4,数,名詞,接尾,一般,*,数,51
929,4,メモ化,名詞,固有名詞,一般,*,メモ化,41
930,4,再帰,名詞,サ変接続,*,*,再帰,36
932,4,ボトムアップ,名詞,一般,*,*,ボトムアップ,38
933,4,法,名詞,接尾,一般,*,法,51
935,4,動的計画法,名詞,固有名詞,一般,*,動的計画法,41
937,4,C言語,名詞,固有名詞,一般,*,C言語,41
938,4,プログラム,名詞,サ変接続,*,*,プログラム,36
940,4,書ける,動詞,自立,*,*,書ける,31
943,4,なる,動詞,自立,*,*,なる,31
945,4,動的計画法,名詞,固有名詞,一般,*,動的計画法,41
947,4,ナップザック,名詞,一般,*,*,ナップザック,38
948,4,問題,名詞,ナイ形容詞語幹,*,*,問題,37
950,4,単調,名詞,一般,*,*,単調,38
951,4,増加,名詞,サ変接続,*,*,増加,36
952,4,部,名詞,接尾,一般,*,部,51
953,4,分列,名詞,サ変接続,*,*,分列,36
954,4,問題,名詞,ナイ形容詞語幹,*,*,問題,37
955,4,ナップザック,名詞,一般,*,*,ナップザック,38
956,4,問題,名詞,ナイ形容詞語幹,*,*,問題,37
958,4,単調,名詞,一般,*,*,単調,38
959,4,増加,名詞,サ変接続,*,*,増加,36
960,4,部,名詞,接尾,一般,*,部,51
961,4,分列,名詞,サ変接続,*,*,分列,36
962,4,問題,名詞,ナイ形容詞語幹,*,*,問題,37
964,4,動的計画法,名詞,固有名詞,一般,*,動的計画法,41
966,4,アルゴリズム,名詞,一般,*,*,アルゴリズム,38
968,4,説明,名詞,サ変接続,*,*,説明,36
969,4,できる,動詞,自立,*,*,できる,31
972,4,なる,動詞,自立,*,*,なる,31
974,4,動的計画法,名詞,固有名詞,一般,*,動的計画法,41
976,4,演習,名詞,サ変接続,*,*,演習,36
978,4,ナップザック,名詞,一般,*,*,ナップザック,38
979,4,問題,名詞,ナイ形容詞語幹,*,*,問題,37
981,4,ナップザック,名詞,一般,*,*,ナップザック,38
982,4,問題,名詞,ナイ形容詞語幹,*,*,問題,37
985,4,動的計画法,名詞,固有名詞,一般,*,動的計画法,41
987,4,アルゴリズム,名詞,一般,*,*,アルゴリズム,38
989,4,C言語,名詞,固有名詞,一般,*,C言語,41
991,4,書ける,動詞,自立,*,*,書ける,31
994,4,なる,動詞,自立,*,*,なる,31
996,4,動的計画法,名詞,固有名詞,一般,*,動的計画法,41
998,4,演習,名詞,サ変接続,*,*,演習,36
1000,4,ナップザック,名詞,一般,*,*,ナップザック,38
1001,4,問題,名詞,ナイ形容詞語幹,*,*,問題,37
1004,4,続き,動詞,自立,*,*,続く,31
1006,4,データ構造,名詞,固有名詞,一般,*,データ構造,41
1008,4,ヒープ,名詞,一般,*,*,ヒープ,38
1010,4,ヒープソート,名詞,一般,*,*,ヒープソート,38
1011,4,ヒープ,名詞,一般,*,*,ヒープ,38
1013,4,機能,名詞,サ変接続,*,*,機能,36
1016,4,効率,名詞,一般,*,*,効率,38
1018,4,説明,名詞,サ変接続,*,*,説明,36
1019,4,できる,動詞,自立,*,*,できる,31
1022,4,なる,動詞,自立,*,*,なる,31
1024,4,データ構造,名詞,固有名詞,一般,*,データ構造,41
1026,4,演習,名詞,サ変接続,*,*,演習,36
1028,4,ヒープ,名詞,一般,*,*,ヒープ,38
1030,4,ヒープソート,名詞,一般,*,*,ヒープソート,38
1031,4,C言語,名詞,固有名詞,一般,*,C言語,41
1033,4,ヒープ,名詞,一般,*,*,ヒープ,38
1035,4,ヒープソート,名詞,一般,*,*,ヒープソート,38
1037,4,実装,名詞,サ変接続,*,*,実装,36
1038,4,できる,動詞,自立,*,*,できる,31
1041,4,なる,動詞,自立,*,*,なる,31
1043,4,データ構造,名詞,固有名詞,一般,*,データ構造,41
1045,4,平衡二分探索木,名詞,固有名詞,一般,*,平衡二分探索木,41
1046,4,平衡二分探索木,名詞,固有名詞,一般,*,平衡二分探索木,41
1048,4,機能,名詞,サ変接続,*,*,機能,36
1051,4,効率,名詞,一般,*,*,効率,38
1053,4,説明,名詞,サ変接続,*,*,説明,36
1054,4,できる,動詞,自立,*,*,できる,31
1057,4,なる,動詞,自立,*,*,なる,31
1059,4,データ構造,名詞,固有名詞,一般,*,データ構造,41
1061,4,演習,名詞,サ変接続,*,*,演習,36
1063,4,C言語,名詞,固有名詞,一般,*,C言語,41
1065,4,malloc,名詞,固有名詞,一般,*,malloc,41
1067,4,ポインタ,名詞,一般,*,*,ポインタ,38
1069,4,平衡二分探索木,名詞,固有名詞,一般,*,平衡二分探索木,41
1070,4,C言語,名詞,固有名詞,一般,*,C言語,41
1072,4,malloc,名詞,固有名詞,一般,*,malloc,41
1074,4,ポインタ,名詞,一般,*,*,ポインタ,38
1076,4,用い,動詞,自立,*,*,用いる,31
1078,4,平衡二分探索木,名詞,固有名詞,一般,*,平衡二分探索木,41
1080,4,実装,名詞,サ変接続,*,*,実装,36
1081,4,できる,動詞,自立,*,*,できる,31
1084,4,なる,動詞,自立,*,*,なる,31
1086,4,データ構造,名詞,固有名詞,一般,*,データ構造,41
1088,4,演習,名詞,サ変接続,*,*,演習,36
1090,4,C言語,名詞,固有名詞,一般,*,C言語,41
1092,4,malloc,名詞,固有名詞,一般,*,malloc,41
1094,4,ポインタ,名詞,一般,*,*,ポインタ,38
1096,4,平衡二分探索木,名詞,固有名詞,一般,*,平衡二分探索木,41
1098,4,続き,動詞,自立,*,*,続く,31
1100,4,グラフ,名詞,固有名詞,人名,姓,グラフ,43
1101,4,アルゴリズム,名詞,一般,*,*,アルゴリズム,38
1103,4,幅優先探索,名詞,固有名詞,一般,*,幅優先探索,41
1105,4,深さ優先探索,名詞,固有名詞,一般,*,深さ優先探索,41
1107,4,ダイクストラ法,名詞,固有名詞,一般,*,ダイクストラ法,41
1108,4,グラフ,名詞,一般,*,*,グラフ,38
1110,4,幅優先探索,名詞,固有名詞,一般,*,幅優先探索,41
1112,4,深さ優先探索,名詞,固有名詞,一般,*,深さ優先探索,41
1114,4,ダイクストラ法,名詞,固有名詞,一般,*,ダイクストラ法,41
1116,4,説明,名詞,サ変接続,*,*,説明,36
1117,4,できる,動詞,自立,*,*,できる,31
1120,4,なる,動詞,自立,*,*,なる,31
1122,4,高度,名詞,形容動詞語幹,*,*,高度,40
1124,4,アルゴリズム,名詞,一般,*,*,アルゴリズム,38
1126,4,畳み込み,動詞,自立,*,*,畳み込む,31
1127,4,問題,名詞,ナイ形容詞語幹,*,*,問題,37
1129,4,離散フーリエ変換,名詞,固有名詞,一般,*,離散フーリエ変換,41
1131,4,高速フーリエ変換,名詞,固有名詞,一般,*,高速フーリエ変換,41
1132,4,畳み込み,動詞,自立,*,*,畳み込む,31
1133,4,問題,名詞,ナイ形容詞語幹,*,*,問題,37
1135,4,離散フーリエ変換,名詞,固有名詞,一般,*,離散フーリエ変換,41
1137,4,関係,名詞,サ変接続,*,*,関係,36
1139,4,説明,名詞,サ変接続,*,*,説明,36
1140,4,できる,動詞,自立,*,*,できる,31
1143,4,なる,動詞,自立,*,*,なる,31
1145,4,高速フーリエ変換,名詞,固有名詞,一般,*,高速フーリエ変換,41
1147,4,説明,名詞,サ変接続,*,*,説明,36
1148,4,できる,動詞,自立,*,*,できる,31
1151,4,なる,動詞,自立,*,*,なる,31
1153,4,高度,名詞,形容動詞語幹,*,*,高度,40
1155,4,アルゴリズム,名詞,一般,*,*,アルゴリズム,38
1157,4,演習,名詞,サ変接続,*,*,演習,36
1159,4,高速フーリエ変換,名詞,固有名詞,一般,*,高速フーリエ変換,41
1160,4,高速フーリエ変換,名詞,固有名詞,一般,*,高速フーリエ変換,41
1162,4,C言語,名詞,固有名詞,一般,*,C言語,41
1164,4,実装,名詞,サ変接続,*,*,実装,36
1165,4,できる,動詞,自立,*,*,できる,31
1168,4,なる,動詞,自立,*,*,なる,31
1170,4,乱択アルゴリズム,名詞,固有名詞,一般,*,乱択アルゴリズム,41
1175,4,素数判定,名詞,固有名詞,一般,*,素数判定,41
1176,4,法,名詞,接尾,一般,*,法,51
1181,4,素数判定,名詞,固有名詞,一般,*,素数判定,41
1182,4,法,名詞,接尾,一般,*,法,51
1185,4,乱択アルゴリズム,名詞,固有名詞,一般,*,乱択アルゴリズム,41
1187,4,説明,名詞,サ変接続,*,*,説明,36
1188,4,できる,動詞,自立,*,*,できる,31
1191,4,なる,動詞,自立,*,*,なる,31
1193,4,量子,名詞,一般,*,*,量子,38
1194,4,アルゴリズム,名詞,一般,*,*,アルゴリズム,38
1198,4,アルゴリズム,名詞,一般,*,*,アルゴリズム,38
1202,4,アルゴリズム,名詞,一般,*,*,アルゴリズム,38
1203,4,量子力学,名詞,一般,*,*,量子力学,38
1205,4,仕組み,名詞,一般,*,*,仕組み,38
1207,4,説明,名詞,サ変接続,*,*,説明,36
1208,4,できる,動詞,自立,*,*,できる,31
1211,4,なる,動詞,自立,*,*,なる,31
1215,4,アルゴリズム,名詞,一般,*,*,アルゴリズム,38
1219,4,アルゴリズム,名詞,一般,*,*,アルゴリズム,38
1221,4,概要,名詞,一般,*,*,概要,38
1223,4,説明,名詞,サ変接続,*,*,説明,36
1224,4,できる,動詞,自立,*,*,できる,31
1227,4,なる,動詞,自立,*,*,なる,31
1229,4,アルゴリズム,名詞,一般,*,*,アルゴリズム,38
1231,4,漸化式,名詞,固有名詞,一般,*,漸化式,41
1233,4,ユークリッドの互除法,名詞,固有名詞,一般,*,ユークリッドの互除法,41
1235,4,二分,名詞,サ変接続,*,*,二分,36
1236,4,探索,名詞,サ変接続,*,*,探索,36
1237,4,ユークリッドの互除法,名詞,固有名詞,一般,*,ユークリッドの互除法,41
1239,4,二分,名詞,サ変接続,*,*,二分,36
1240,4,探索,名詞,サ変接続,*,*,探索,36
1242,4,アルゴリズム,名詞,一般,*,*,アルゴリズム,38
1244,4,説明,名詞,サ変接続,*,*,説明,36
1245,4,できる,動詞,自立,*,*,できる,31
1248,4,なる,動詞,自立,*,*,なる,31
1250,4,C言語,名詞,固有名詞,一般,*,C言語,41
1251,4,入門,名詞,サ変接続,*,*,入門,36
1253,4,演習,名詞,サ変接続,*,*,演習,36
1255,4,ユークリッドの互除法,名詞,固有名詞,一般,*,ユークリッドの互除法,41
1257,4,二分,名詞,サ変接続,*,*,二分,36
1258,4,探索,名詞,サ変接続,*,*,探索,36
1259,5,基本,名詞,一般,*,*,基本,38
1260,5,的,名詞,接尾,形容動詞語幹,*,的,52
1262,5,C言語,名詞,固有名詞,一般,*,C言語,41
1264,5,書ける,動詞,自立,*,*,書ける,31
1267,5,なり,動詞,自立,*,*,なる,31
1269,5,ユークリッドの互除法,名詞,固有名詞,一般,*,ユークリッドの互除法,41
1271,5,二分,名詞,サ変接続,*,*,二分,36
1272,5,探索,名詞,サ変接続,*,*,探索,36
1274,5,書ける,動詞,自立,*,*,書ける,31
1277,5,なる,動詞,自立,*,*,なる,31
1279,5,計算,名詞,サ変接続,*,*,計算,36
1280,5,量,名詞,接尾,一般,*,量,51
1282,5,オーダー,名詞,サ変接続,*,*,オーダー,36
1284,5,ユークリッドの互除法,名詞,固有名詞,一般,*,ユークリッドの互除法,41
1286,5,二分,名詞,サ変接続,*,*,二分,36
1287,5,探索,名詞,サ変接続,*,*,探索,36
1288,6,ユークリッドの互除法,名詞,固有名詞,一般,*,ユークリッドの互除法,41
1290,6,二分,名詞,サ変接続,*,*,二分,36
1291,6,探索,名詞,サ変接続,*,*,探索,36
1293,6,計算,名詞,サ変接続,*,*,計算,36
1294,6,量,名詞,接尾,一般,*,量,51
1296,6,評価,名詞,サ変接続,*,*,評価,36
1297,6,できる,動詞,自立,*,*,できる,31
1300,6,なる,動詞,自立,*,*,なる,31
1302,6,オーダー,名詞,サ変接続,*,*,オーダー,36
1303,6,記法,名詞,一般,*,*,記法,38
1305,6,正しく,形容詞,自立,*,*,正しい,10
1306,6,使える,動詞,自立,*,*,使える,31
1309,6,なる,動詞,自立,*,*,なる,31
1311,6,分割統治法,名詞,固有名詞,一般,*,分割統治法,41
1313,6,選択,名詞,サ変接続,*,*,選択,36
1314,6,ソート,名詞,一般,*,*,ソート,38
1316,6,挿入,名詞,サ変接続,*,*,挿入,36
1317,6,ソート,名詞,一般,*,*,ソート,38
1319,6,マージソート,名詞,固有名詞,一般,*,マージソート,41
1321,6,計算,名詞,サ変接続,*,*,計算,36
1322,6,量,名詞,接尾,一般,*,量,51
1324,6,評価,名詞,サ変接続,*,*,評価,36
1325,6,ソート,名詞,一般,*,*,ソート,38
1326,6,問題,名詞,ナイ形容詞語幹,*,*,問題,37
1328,6,選択,名詞,サ変接続,*,*,選択,36
1329,6,ソート,名詞,一般,*,*,ソート,38
1331,6,挿入,名詞,サ変接続,*,*,挿入,36
1332,6,ソート,名詞,一般,*,*,ソート,38
1334,6,マージソート,名詞,固有名詞,一般,*,マージソート,41
1336,6,説明,名詞,サ変接続,*,*,説明,36
1337,6,できる,動詞,自立,*,*,できる,31
1340,6,なる,動詞,自立,*,*,なる,31
1344,6,計算,名詞,サ変接続,*,*,計算,36
1345,6,量,名詞,接尾,一般,*,量,51
1347,6,評価,名詞,サ変接続,*,*,評価,36
1348,6,できる,動詞,自立,*,*,できる,31
1351,6,なる,動詞,自立,*,*,なる,31
1353,6,分割統治法,名詞,固有名詞,一般,*,分割統治法,41
1355,6,演習,名詞,サ変接続,*,*,演習,36
1357,6,クイック,名詞,一般,*,*,クイック,38
1358,6,セレクト,名詞,サ変接続,*,*,セレクト,36
1360,6,クイックソート,名詞,固有名詞,一般,*,クイックソート,41
1361,6,クイック,名詞,一般,*,*,クイック,38
1362,6,セレクト,名詞,サ変接続,*,*,セレクト,36
1364,6,クイックソート,名詞,固有名詞,一般,*,クイックソート,41
1366,6,C言語,名詞,固有名詞,一般,*,C言語,41
1368,6,書ける,動詞,自立,*,*,書ける,31
1371,6,なる,動詞,自立,*,*,なる,31
1373,6,分割統治法,名詞,固有名詞,一般,*,分割統治法,41
1375,6,集合被覆問題,名詞,固有名詞,一般,*,集合被覆問題,41
1377,6,高速,名詞,一般,*,*,高速,38
1378,6,ゼータ,名詞,固有名詞,一般,*,Zeta,41
1379,6,変換,名詞,サ変接続,*,*,変換,36
1380,6,高速,名詞,一般,*,*,高速,38
1381,6,ゼータ,名詞,固有名詞,一般,*,Zeta,41
1382,6,変換,名詞,サ変接続,*,*,変換,36
1385,6,高度,名詞,形容動詞語幹,*,*,高度,40
1387,6,分割統治法,名詞,固有名詞,一般,*,分割統治法,41
1389,6,説明,名詞,サ変接続,*,*,説明,36
1390,6,できる,動詞,自立,*,*,できる,31
1393,6,なる,動詞,自立,*,*,なる,31
1395,6,高速,名詞,一般,*,*,高速,38
1396,6,ゼータ,名詞,固有名詞,一般,*,Zeta,41
1397,6,変換,名詞,サ変接続,*,*,変換,36
1399,6,用い,動詞,自立,*,*,用いる,31
1401,6,集合被覆問題,名詞,固有名詞,一般,*,集合被覆問題,41
1403,6,効率的,名詞,固有名詞,一般,*,効率的,41
1405,6,解く,動詞,自立,*,*,解く,31
1406,6,アルゴリズム,名詞,一般,*,*,アルゴリズム,38
1408,6,説明,名詞,サ変接続,*,*,説明,36
1409,6,できる,動詞,自立,*,*,できる,31
1411,6,動的計画法,名詞,固有名詞,一般,*,動的計画法,41
1413,6,フィボナッチ数,名詞,固有名詞,一般,*,フィボナッチ数,41
1415,6,分割数,名詞,固有名詞,一般,*,分割数,41
1416,6,分割,名詞,サ変接続,*,*,分割,36
1417,6,数,名詞,接尾,一般,*,数,51
1419,6,計算,名詞,サ変接続,*,*,計算,36
1421,6,動的計画法,名詞,固有名詞,一般,*,動的計画法,41
1423,6,アルゴリズム,名詞,一般,*,*,アルゴリズム,38
1425,6,説明,名詞,サ変接続,*,*,説明,36
1426,6,できる,動詞,自立,*,*,できる,31
1429,6,なる,動詞,自立,*,*,なる,31
1431,6,動的計画法,名詞,固有名詞,一般,*,動的計画法,41
1433,6,演習,名詞,サ変接続,*,*,演習,36
1435,6,メモ化,名詞,固有名詞,一般,*,メモ化,41
1436,6,再帰,名詞,サ変接続,*,*,再帰,36
1438,6,ボトムアップ,名詞,一般,*,*,ボトムアップ,38
1439,6,法,名詞,接尾,一般,*,法,51
1441,6,計算,名詞,サ変接続,*,*,計算,36
1442,6,量,名詞,接尾,一般,*,量,51
1444,6,評価,名詞,サ変接続,*,*,評価,36
1445,6,分割,名詞,サ変接続,*,*,分割,36
1446,6,数,名詞,接尾,一般,*,数,51
1448,6,メモ化,名詞,固有名詞,一般,*,メモ化,41
1449,6,再帰,名詞,サ変接続,*,*,再帰,36
1451,6,ボトムアップ,名詞,一般,*,*,ボトムアップ,38
1452,6,法,名詞,接尾,一般,*,法,51
1454,6,動的計画法,名詞,固有名詞,一般,*,動的計画法,41
1456,6,C言語,名詞,固有名詞,一般,*,C言語,41
1457,6,プログラム,名詞,サ変接続,*,*,プログラム,36
1459,6,書ける,動詞,自立,*,*,書ける,31
1462,6,なる,動詞,自立,*,*,なる,31
1464,6,動的計画法,名詞,固有名詞,一般,*,動的計画法,41
1466,6,ナップザック,名詞,一般,*,*,ナップザック,38
1467,6,問題,名詞,ナイ形容詞語幹,*,*,問題,37
1469,6,単調,名詞,一般,*,*,単調,38
1470,6,増加,名詞,サ変接続,*,*,増加,36
1471,6,部,名詞,接尾,一般,*,部,51
1472,6,分列,名詞,サ変接続,*,*,分列,36
1473,6,問題,名詞,ナイ形容詞語幹,*,*,問題,37
1474,6,ナップザック,名詞,一般,*,*,ナップザック,38
1475,6,問題,名詞,ナイ形容詞語幹,*,*,問題,37
1477,6,単調,名詞,一般,*,*,単調,38
1478,6,増加,名詞,サ変接続,*,*,増加,36
1479,6,部,名詞,接尾,一般,*,部,51
1480,6,分列,名詞,サ変接続,*,*,分列,36
1481,6,問題,名詞,ナイ形容詞語幹,*,*,問題,37
1483,6,動的計画法,名詞,固有名詞,一般,*,動的計画法,41
1485,6,アルゴリズム,名詞,一般,*,*,アルゴリズム,38
1487,6,説明,名詞,サ変接続,*,*,説明,36
1488,6,できる,動詞,自立,*,*,できる,31
1491,6,なる,動詞,自立,*,*,なる,31
1493,6,動的計画法,名詞,固有名詞,一般,*,動的計画法,41
1495,6,演習,名詞,サ変接続,*,*,演習,36
1497,6,ナップザック,名詞,一般,*,*,ナップザック,38
1498,6,問題,名詞,ナイ形容詞語幹,*,*,問題,37
1500,6,ナップザック,名詞,一般,*,*,ナップザック,38
1501,6,問題,名詞,ナイ形容詞語幹,*,*,問題,37
1504,6,動的計画法,名詞,固有名詞,一般,*,動的計画法,41
1506,6,アルゴリズム,名詞,一般,*,*,アルゴリズム,38
1508,6,C言語,名詞,固有名詞,一般,*,C言語,41
1510,6,書ける,動詞,自立,*,*,書ける,31
1513,6,なる,動詞,自立,*,*,なる,31
1515,6,動的計画法,名詞,固有名詞,一般,*,動的計画法,41
1517,6,演習,名詞,サ変接続,*,*,演習,36
1519,6,ナップザック,名詞,一般,*,*,ナップザック,38
1520,6,問題,名詞,ナイ形容詞語幹,*,*,問題,37
1523,6,続き,動詞,自立,*,*,続く,31
1525,6,データ構造,名詞,固有名詞,一般,*,データ構造,41
1527,6,ヒープ,名詞,一般,*,*,ヒープ,38
1529,6,ヒープソート,名詞,一般,*,*,ヒープソート,38
1530,6,ヒープ,名詞,一般,*,*,ヒープ,38
1532,6,機能,名詞,サ変接続,*,*,機能,36
1535,6,効率,名詞,一般,*,*,効率,38
1537,6,説明,名詞,サ変接続,*,*,説明,36
1538,6,できる,動詞,自立,*,*,できる,31
1541,6,なる,動詞,自立,*,*,なる,31
1543,6,データ構造,名詞,固有名詞,一般,*,データ構造,41
1545,6,演習,名詞,サ変接続,*,*,演習,36
1547,6,ヒープ,名詞,一般,*,*,ヒープ,38
1549,6,ヒープソート,名詞,一般,*,*,ヒープソート,38
1550,6,C言語,名詞,固有名詞,一般,*,C言語,41
1552,6,ヒープ,名詞,一般,*,*,ヒープ,38
1554,6,ヒープソート,名詞,一般,*,*,ヒープソート,38
1556,6,実装,名詞,サ変接続,*,*,実装,36
1557,6,できる,動詞,自立,*,*,できる,31
1560,6,なる,動詞,自立,*,*,なる,31
1562,6,データ構造,名詞,固有名詞,一般,*,データ構造,41
1564,6,平衡二分探索木,名詞,固有名詞,一般,*,平衡二分探索木,41
1565,6,平衡二分探索木,名詞,固有名詞,一般,*,平衡二分探索木,41
1567,6,機能,名詞,サ変接続,*,*,機能,36
1570,6,効率,名詞,一般,*,*,効率,38
1572,6,説明,名詞,サ変接続,*,*,説明,36
1573,6,できる,動詞,自立,*,*,できる,31
1576,6,なる,動詞,自立,*,*,なる,31
1578,6,データ構造,名詞,固有名詞,一般,*,データ構造,41
1580,6,演習,名詞,サ変接続,*,*,演習,36
1582,6,C言語,名詞,固有名詞,一般,*,C言語,41
1584,6,malloc,名詞,固有名詞,一般,*,malloc,41
1586,6,ポインタ,名詞,一般,*,*,ポインタ,38
1588,6,平衡二分探索木,名詞,固有名詞,一般,*,平衡二分探索木,41
1589,6,C言語,名詞,固有名詞,一般,*,C言語,41
1591,6,malloc,名詞,固有名詞,一般,*,malloc,41
1593,6,ポインタ,名詞,一般,*,*,ポインタ,38
1595,6,用い,動詞,自立,*,*,用いる,31
1597,6,平衡二分探索木,名詞,固有名詞,一般,*,平衡二分探索木,41
1599,6,実装,名詞,サ変接続,*,*,実装,36
1600,6,できる,動詞,自立,*,*,できる,31
1603,6,なる,動詞,自立,*,*,なる,31
1605,6,データ構造,名詞,固有名詞,一般,*,データ構造,41
1607,6,演習,名詞,サ変接続,*,*,演習,36
1609,6,C言語,名詞,固有名詞,一般,*,C言語,41
1611,6,malloc,名詞,固有名詞,一般,*,malloc,41
1613,6,ポインタ,名詞,一般,*,*,ポインタ,38
1615,6,平衡二分探索木,名詞,固有名詞,一般,*,平衡二分探索木,41
1617,6,続き,動詞,自立,*,*,続く,31
1619,6,グラフ,名詞,固有名詞,人名,姓,グラフ,43
1620,6,アルゴリズム,名詞,一般,*,*,アルゴリズム,38
1622,6,幅優先探索,名詞,固有名詞,一般,*,幅優先探索,41
1624,6,深さ優先探索,名詞,固有名詞,一般,*,深さ優先探索,41
1626,6,ダイクストラ法,名詞,固有名詞,一般,*,ダイクストラ法,41
1627,6,グラフ,名詞,一般,*,*,グラフ,38
1629,6,幅優先探索,名詞,固有名詞,一般,*,幅優先探索,41
1631,6,深さ優先探索,名詞,固有名詞,一般,*,深さ優先探索,41
1633,6,ダイクストラ法,名詞,固有名詞,一般,*,ダイクストラ法,41
1635,6,説明,名詞,サ変接続,*,*,説明,36
1636,6,できる,動詞,自立,*,*,できる,31
1639,6,なる,動詞,自立,*,*,なる,31
1641,6,高度,名詞,形容動詞語幹,*,*,高度,40
1643,6,アルゴリズム,名詞,一般,*,*,アルゴリズム,38
1645,6,畳み込み,動詞,自立,*,*,畳み込む,31
1646,6,問題,名詞,ナイ形容詞語幹,*,*,問題,37
1648,6,離散フーリエ変換,名詞,固有名詞,一般,*,離散フーリエ変換,41
1650,6,高速フーリエ変換,名詞,固有名詞,一般,*,高速フーリエ変換,41
1651,6,畳み込み,動詞,自立,*,*,畳み込む,31
1652,6,問題,名詞,ナイ形容詞語幹,*,*,問題,37
1654,6,離散フーリエ変換,名詞,固有名詞,一般,*,離散フーリエ変換,41
1656,6,関係,名詞,サ変接続,*,*,関係,36
1658,6,説明,名詞,サ変接続,*,*,説明,36
1659,6,できる,動詞,自立,*,*,できる,31
1662,6,なる,動詞,自立,*,*,なる,31
1664,6,高速フーリエ変換,名詞,固有名詞,一般,*,高速フーリエ変換,41
1666,6,説明,名詞,サ変接続,*,*,説明,36
1667,6,できる,動詞,自立,*,*,できる,31
1670,6,なる,動詞,自立,*,*,なる,31
1672,6,高度,名詞,形容動詞語幹,*,*,高度,40
1674,6,アルゴリズム,名詞,一般,*,*,アルゴリズム,38
1676,6,演習,名詞,サ変接続,*,*,演習,36
1678,6,高速フーリエ変換,名詞,固有名詞,一般,*,高速フーリエ変換,41
1679,6,高速フーリエ変換,名詞,固有名詞,一般,*,高速フーリエ変換,41
1681,6,C言語,名詞,固有名詞,一般,*,C言語,41
1683,6,実装,名詞,サ変接続,*,*,実装,36
1684,6,できる,動詞,自立,*,*,できる,31
1687,6,なる,動詞,自立,*,*,なる,31
1689,6,乱択アルゴリズム,名詞,固有名詞,一般,*,乱択アルゴリズム,41
1694,6,素数判定,名詞,固有名詞,一般,*,素数判定,41
1695,6,法,名詞,接尾,一般,*,法,51
1700,6,素数判定,名詞,固有名詞,一般,*,素数判定,41
1701,6,法,名詞,接尾,一般,*,法,51
1704,6,乱択アルゴリズム,名詞,固有名詞,一般,*,乱択アルゴリズム,41
1706,6,説明,名詞,サ変接続,*,*,説明,36
1707,6,できる,動詞,自立,*,*,できる,31
1710,6,なる,動詞,自立,*,*,なる,31
1712,6,量子,名詞,一般,*,*,量子,38
1713,6,アルゴリズム,名詞,一般,*,*,アルゴリズム,38
1717,6,アルゴリズム,名詞,一般,*,*,アルゴリズム,38
1721,6,アルゴリズム,名詞,一般,*,*,アルゴリズム,38
1722,6,量子力学,名詞,一般,*,*,量子力学,38
1724,6,仕組み,名詞,一般,*,*,仕組み,38
1726,6,説明,名詞,サ変接続,*,*,説明,36
1727,6,できる,動詞,自立,*,*,できる,31
1730,6,なる,動詞,自立,*,*,なる,31
1734,6,アルゴリズム,名詞,一般,*,*,アルゴリズム,38
1738,6,アルゴリズム,名詞,一般,*,*,アルゴリズム,38
1740,6,概要,名詞,一般,*,*,概要,38
1742,6,説明,名詞,サ変接続,*,*,説明,36
1743,6,できる,動詞,自立,*,*,できる,31
1746,6,なる,動詞,自立,*,*,なる,31
1748,6,アルゴリズム,名詞,一般,*,*,アルゴリズム,38
1750,6,漸化式,名詞,固有名詞,一般,*,漸化式,41
1752,6,ユークリッドの互除法,名詞,固有名詞,一般,*,ユークリッドの互除法,41
1754,6,二分,名詞,サ変接続,*,*,二分,36
1755,6,探索,名詞,サ変接続,*,*,探索,36
1756,6,ユークリッドの互除法,名詞,固有名詞,一般,*,ユークリッドの互除法,41
1758,6,二分,名詞,サ変接続,*,*,二分,36
1759,6,探索,名詞,サ変接続,*,*,探索,36
1761,6,アルゴリズム,名詞,一般,*,*,アルゴリズム,38
1763,6,説明,名詞,サ変接続,*,*,説明,36
1764,6,できる,動詞,自立,*,*,できる,31
1767,6,なる,動詞,自立,*,*,なる,31
1769,6,C言語,名詞,固有名詞,一般,*,C言語,41
1770,6,入門,名詞,サ変接続,*,*,入門,36
1772,6,演習,名詞,サ変接続,*,*,演習,36
1774,6,ユークリッドの互除法,名詞,固有名詞,一般,*,ユークリッドの互除法,41
1776,6,二分,名詞,サ変接続,*,*,二分,36
1777,6,探索,名詞,サ変接続,*,*,探索,36
1778,7,基本,名詞,一般,*,*,基本,38
1779,7,的,名詞,接尾,形容動詞語幹,*,的,52
1781,7,C言語,名詞,固有名詞,一般,*,C言語,41
1783,7,書ける,動詞,自立,*,*,書ける,31
1786,7,なり,動詞,自立,*,*,なる,31
1788,7,ユークリッドの互除法,名詞,固有名詞,一般,*,ユークリッドの互除法,41
1790,7,二分,名詞,サ変接続,*,*,二分,36
1791,7,探索,名詞,サ変接続,*,*,探索,36
1793,7,書ける,動詞,自立,*,*,書ける,31
1796,7,なる,動詞,自立,*,*,なる,31
1798,7,計算,名詞,サ変接続,*,*,計算,36
1799,7,量,名詞,接尾,一般,*,量,51
1801,7,オーダー,名詞,サ変接続,*,*,オーダー,36
1803,7,ユークリッドの互除法,名詞,固有名詞,一般,*,ユークリッドの互除法,41
1805,7,二分,名詞,サ変接続,*,*,二分,36
1806,7,探索,名詞,サ変接続,*,*,探索,36
1807,8,ユークリッドの互除法,名詞,固有名詞,一般,*,ユークリッドの互除法,41
1809,8,二分,名詞,サ変接続,*,*,二分,36
1810,8,探索,名詞,サ変接続,*,*,探索,36
1812,8,計算,名詞,サ変接続,*,*,計算,36
1813,8,量,名詞,接尾,一般,*,量,51
1815,8,評価,名詞,サ変接続,*,*,評価,36
1816,8,できる,動詞,自立,*,*,できる,31
1819,8,なる,動詞,自立,*,*,なる,31
1821,8,オーダー,名詞,サ変接続,*,*,オーダー,36
1822,8,記法,名詞,一般,*,*,記法,38
1824,8,正しく,形容詞,自立,*,*,正しい,10
1825,8,使える,動詞,自立,*,*,使える,31
1828,8,なる,動詞,自立,*,*,なる,31
1830,8,分割統治法,名詞,固有名詞,一般,*,分割統治法,41
1832,8,選択,名詞,サ変接続,*,*,選択,36
1833,8,ソート,名詞,一般,*,*,ソート,38
1835,8,挿入,名詞,サ変接続,*,*,挿入,36
1836,8,ソート,名詞,一般,*,*,ソート,38
1838,8,マージソート,名詞,固有名詞,一般,*,マージソート,41
1840,8,計算,名詞,サ変接続,*,*,計算,36
1841,8,量,名詞,接尾,一般,*,量,51
1843,8,評価,名詞,サ変接続,*,*,評価,36
1844,8,ソート,名詞,一般,*,*,ソート,38
1845,8,問題,名詞,ナイ形容詞語幹,*,*,問題,37
1847,8,選択,名詞,サ変接続,*,*,選択,36
1848,8,ソート,名詞,一般,*,*,ソート,38
1850,8,挿入,名詞,サ変接続,*,*,挿入,36
1851,8,ソート,名詞,一般,*,*,ソート,38
1853,8,マージソート,名詞,固有名詞,一般,*,マージソート,41
1855,8,説明,名詞,サ変接続,*,*,説明,36
1856,8,できる,動詞,自立,*,*,できる,31
1859,8,なる,動詞,自立,*,*,なる,31
1863,8,計算,名詞,サ変接続,*,*,計算,36
1864,8,量,名詞,接尾,一般,*,量,51
1866,8,評価,名詞,サ変接続,*,*,評価,36
1867,8,できる,動詞,自立,*,*,できる,31
1870,8,なる,動詞,自立,*,*,なる,31
1872,8,分割統治法,名詞,固有名詞,一般,*,分割統治法,41
1874,8,演習,名詞,サ変接続,*,*,演習,36
1876,8,クイック,名詞,一般,*,*,クイック,38
1877,8,セレクト,名詞,サ変接続,*,*,セレクト,36
1879,8,クイックソート,名詞,固有名詞,一般,*,クイックソート,41
1880,8,クイック,名詞,一般,*,*,クイック,38
1881,8,セレクト,名詞,サ変接続,*,*,セレクト,36
1883,8,クイックソート,名詞,固有名詞,一般,*,クイックソート,41
1885,8,C言語,名詞,固有名詞,一般,*,C言語,41
1887,8,書ける,動詞,自立,*,*,書ける,31
1890,8,なる,動詞,自立,*,*,なる,31
1892,8,分割統治法,名詞,固有名詞,一般,*,分割統治法,41
1894,8,集合被覆問題,名詞,固有名詞,一般,*,集合被覆問題,41
1896,8,高速,名詞,一般,*,*,高速,38
1897,8,ゼータ,名詞,固有名詞,一般,*,Zeta,41
1898,8,変換,名詞,サ変接続,*,*,変換,36
1899,8,高速,名詞,一般,*,*,高速,38
1900,8,ゼータ,名詞,固有名詞,一般,*,Zeta,41
1901,8,変換,名詞,サ変接続,*,*,変換,36
1904,8,高度,名詞,形容動詞語幹,*,*,高度,40
1906,8,分割統治法,名詞,固有名詞,一般,*,分割統治法,41
1908,8,説明,名詞,サ変接続,*,*,説明,36
1909,8,できる,動詞,自立,*,*,できる,31
1912,8,なる,動詞,自立,*,*,なる,31
1914,8,高速,名詞,一般,*,*,高速,38
1915,8,ゼータ,名詞,固有名詞,一般,*,Zeta,41
1916,8,変換,名詞,サ変接続,*,*,変換,36
1918,8,用い,動詞,自立,*,*,用いる,31
1920,8,集合被覆問題,名詞,固有名詞,一般,*,集合被覆問題,41
1922,8,効率的,名詞,固有名詞,一般,*,効率的,41
1924,8,解く,動詞,自立,*,*,解く,31
1925,8,アルゴリズム,名詞,一般,*,*,アルゴリズム,38
1927,8,説明,名詞,サ変接続,*,*,説明,36
1928,8,できる,動詞,自立,*,*,できる,31
1930,8,動的計画法,名詞,固有名詞,一般,*,動的計画法,41
1932,8,フィボナッチ数,名詞,固有名詞,一般,*,フィボナッチ数,41
1934,8,分割数,名詞,固有名詞,一般,*,分割数,41
1935,8,分割,名詞,サ変接続,*,*,分割,36
1936,8,数,名詞,接尾,一般,*,数,51
1938,8,計算,名詞,サ変接続,*,*,計算,36
1940,8,動的計画法,名詞,固有名詞,一般,*,動的計画法,41
1942,8,アルゴリズム,名詞,一般,*,*,アルゴリズム,38
1944,8,説明,名詞,サ変接続,*,*,説明,36
1945,8,できる,動詞,自立,*,*,できる,31
1948,8,なる,動詞,自立,*,*,なる,31
1950,8,動的計画法,名詞,固有名詞,一般,*,動的計画法,41
1952,8,演習,名詞,サ変接続,*,*,演習,36
1954,8,メモ化,名詞,固有名詞,一般,*,メモ化,41
1955,8,再帰,名詞,サ変接続,*,*,再帰,36
1957,8,ボトムアップ,名詞,一般,*,*,ボトムアップ,38
1958,8,法,名詞,接尾,一般,*,法,51
1960,8,計算,名詞,サ変接続,*,*,計算,36
1961,8,量,名詞,接尾,一般,*,量,51
1963,8,評価,名詞,サ変接続,*,*,評価,36
1964,8,分割,名詞,サ変接続,*,*,分割,36
1965,8,数,名詞,接尾,一般,*,数,51
1967,8,メモ化,名詞,固有名詞,一般,*,メモ化,41
1968,8,再帰,名詞,サ変接続,*,*,再帰,36
1970,8,ボトムアップ,名詞,一般,*,*,ボトムアップ,38
1971,8,法,名詞,接尾,一般,*,法,51
1973,8,動的計画法,名詞,固有名詞,一般,*,動的計画法,41
1975,8,C言語,名詞,固有名詞,一般,*,C言語,41
1976,8,プログラム,名詞,サ変接続,*,*,プログラム,36
1978,8,書ける,動詞,自立,*,*,書ける,31
1981,8,なる,動詞,自立,*,*,なる,31
1983,8,動的計画法,名詞,固有名詞,一般,*,動的計画法,41
1985,8,ナップザック,名詞,一般,*,*,ナップザック,38
1986,8,問題,名詞,ナイ形容詞語幹,*,*,問題,37
1988,8,単調,名詞,一般,*,*,単調,38
1989,8,増加,名詞,サ変接続,*,*,増加,36
1990,8,部,名詞,接尾,一般,*,部,51
1991,8,分列,名詞,サ変接続,*,*,分列,36
1992,8,問題,名詞,ナイ形容詞語幹,*,*,問題,37
1993,8,ナップザック,名詞,一般,*,*,ナップザック,38
1994,8,問題,名詞,ナイ形容詞語幹,*,*,問題,37
1996,8,単調,名詞,一般,*,*,単調,38
1997,8,増加,名詞,サ変接続,*,*,増加,36
1998,8,部,名詞,接尾,一般,*,部,51
1999,8,分列,名詞,サ変接続,*,*,分列,36
2000,8,問題,名詞,ナイ形容詞語幹,*,*,問題,37
2002,8,動的計画法,名詞,固有名詞,一般,*,動的計画法,41
2004,8,アルゴリズム,名詞,一般,*,*,アルゴリズム,38
2006,8,説明,名詞,サ変接続,*,*,説明,36
2007,8,できる,動詞,自立,*,*,できる,31
2010,8,なる,動詞,自立,*,*,なる,31
2012,8,動的計画法,名詞,固有名詞,一般,*,動的計画法,41
2014,8,演習,名詞,サ変接続,*,*,演習,36
2016,8,ナップザック,名詞,一般,*,*,ナップザック,38
2017,8,問題,名詞,ナイ形容詞語幹,*,*,問題,37
2019,8,ナップザック,名詞,一般,*,*,ナップザック,38
2020,8,問題,名詞,ナイ形容詞語幹,*,*,問題,37
2023,8,動的計画法,名詞,固有名詞,一般,*,動的計画法,41
2025,8,アルゴリズム,名詞,一般,*,*,アルゴリズム,38
2027,8,C言語,名詞,固有名詞,一般,*,C言語,41
2029,8,書ける,動詞,自立,*,*,書ける,31
2032,8,なる,動詞,自立,*,*,なる,31
2034,8,動的計画法,名詞,固有名詞,一般,*,動的計画法,41
2036,8,演習,名詞,サ変接続,*,*,演習,36
2038,8,ナップザック,名詞,一般,*,*,ナップザック,38
2039,8,問題,名詞,ナイ形容詞語幹,*,*,問題,37
2042,8,続き,動詞,自立,*,*,続く,31
2044,8,データ構造,名詞,固有名詞,一般,*,データ構造,41
2046,8,ヒープ,名詞,一般,*,*,ヒープ,38
2048,8,ヒープソート,名詞,一般,*,*,ヒープソート,38
2049,8,ヒープ,名詞,一般,*,*,ヒープ,38
2051,8,機能,名詞,サ変接続,*,*,機能,36
2054,8,効率,名詞,一般,*,*,効率,38
2056,8,説明,名詞,サ変接続,*,*,説明,36
2057,8,できる,動詞,自立,*,*,できる,31
2060,8,なる,動詞,自立,*,*,なる,31
2062,8,データ構造,名詞,固有名詞,一般,*,データ構造,41
2064,8,演習,名詞,サ変接続,*,*,演習,36
2066,8,ヒープ,名詞,一般,*,*,ヒープ,38
2068,8,ヒープソート,名詞,一般,*,*,ヒープソート,38
2069,8,C言語,名詞,固有名詞,一般,*,C言語,41
2071,8,ヒープ,名詞,一般,*,*,ヒープ,38
2073,8,ヒープソート,名詞,一般,*,*,ヒープソート,38
2075,8,実装,名詞,サ変接続,*,*,実装,36
2076,8,できる,動詞,自立,*,*,できる,31
2079,8,なる,動詞,自立,*,*,なる,31
2081,8,データ構造,名詞,固有名詞,一般,*,データ構造,41
2083,8,平衡二分探索木,名詞,固有名詞,一般,*,平衡二分探索木,41
2084,8,平衡二分探索木,名詞,固有名詞,一般,*,平衡二分探索木,41
2086,8,機能,名詞,サ変接続,*,*,機能,36
2089,8,効率,名詞,一般,*,*,効率,38
2091,8,説明,名詞,サ変接続,*,*,説明,36
2092,8,できる,動詞,自立,*,*,できる,31
2095,8,なる,動詞,自立,*,*,なる,31
2097,8,データ構造,名詞,固有名詞,一般,*,データ構造,41
2099,8,演習,名詞,サ変接続,*,*,演習,36
2101,8,C言語,名詞,固有名詞,一般,*,C言語,41
2103,8,malloc,名詞,固有名詞,一般,*,malloc,41
2105,8,ポインタ,名詞,一般,*,*,ポインタ,38
2107,8,平衡二分探索木,名詞,固有名詞,一般,*,平衡二分探索木,41
2108,8,C言語,名詞,固有名詞,一般,*,C言語,41
2110,8,malloc,名詞,固有名詞,一般,*,malloc,41
2112,8,ポインタ,名詞,一般,*,*,ポインタ,38
2114,8,用い,動詞,自立,*,*,用いる,31
2116,8,平衡二分探索木,名詞,固有名詞,一般,*,平衡二分探索木,41
2118,8,実装,名詞,サ変接続,*,*,実装,36
2119,8,できる,動詞,自立,*,*,できる,31
2122,8,なる,動詞,自立,*,*,なる,31
2124,8,データ構造,名詞,固有名詞,一般,*,データ構造,41
2126,8,演習,名詞,サ変接続,*,*,演習,36
2128,8,C言語,名詞,固有名詞,一般,*,C言語,41
2130,8,malloc,名詞,固有名詞,一般,*,malloc,41
2132,8,ポインタ,名詞,一般,*,*,ポインタ,38
2134,8,平衡二分探索木,名詞,固有名詞,一般,*,平衡二分探索木,41
2136,8,続き,動詞,自立,*,*,続く,31
2138,8,グラフ,名詞,固有名詞,人名,姓,グラフ,43
2139,8,アルゴリズム,名詞,一般,*,*,アルゴリズム,38
2141,8,幅優先探索,名詞,固有名詞,一般,*,幅優先探索,41
2143,8,深さ優先探索,名詞,固有名詞,一般,*,深さ優先探索,41
2145,8,ダイクストラ法,名詞,固有名詞,一般,*,ダイクストラ法,41
2146,8,グラフ,名詞,一般,*,*,グラフ,38
2148,8,幅優先探索,名詞,固有名詞,一般,*,幅優先探索,41
2150,8,深さ優先探索,名詞,固有名詞,一般,*,深さ優先探索,41
2152,8,ダイクストラ法,名詞,固有名詞,一般,*,ダイクストラ法,41
2154,8,説明,名詞,サ変接続,*,*,説明,36
2155,8,できる,動詞,自立,*,*,できる,31
2158,8,なる,動詞,自立,*,*,なる,31
2160,8,高度,名詞,形容動詞語幹,*,*,高度,40
2162,8,アルゴリズム,名詞,一般,*,*,アルゴリズム,38
2164,8,畳み込み,動詞,自立,*,*,畳み込む,31
2165,8,問題,名詞,ナイ形容詞語幹,*,*,問題,37
2167,8,離散フーリエ変換,名詞,固有名詞,一般,*,離散フーリエ変換,41
2169,8,高速フーリエ変換,名詞,固有名詞,一般,*,高速フーリエ変換,41
2170,8,畳み込み,動詞,自立,*,*,畳み込む,31
2171,8,問題,名詞,ナイ形容詞語幹,*,*,問題,37
2173,8,離散フーリエ変換,名詞,固有名詞,一般,*,離散フーリエ変換,41
2175,8,関係,名詞,サ変接続,*,*,関係,36
2177,8,説明,名詞,サ変接続,*,*,説明,36
2178,8,できる,動詞,自立,*,*,できる,31
2181,8,なる,動詞,自立,*,*,なる,31
2183,8,高速フーリエ変換,名詞,固有名詞,一般,*,高速フーリエ変換,41
2185,8,説明,名詞,サ変接続,*,*,説明,36
2186,8,できる,動詞,自立,*,*,できる,31
2189,8,なる,動詞,自立,*,*,なる,31
2191,8,高度,名詞,形容動詞語幹,*,*,高度,40
2193,8,アルゴリズム,名詞,一般,*,*,アルゴリズム,38
2195,8,演習,名詞,サ変接続,*,*,演習,36
2197,8,高速フーリエ変換,名詞,固有名詞,一般,*,高速フーリエ変換,41
2198,8,高速フーリエ変換,名詞,固有名詞,一般,*,高速フーリエ変換,41
2200,8,C言語,名詞,固有名詞,一般,*,C言語,41
2202,8,実装,名詞,サ変接続,*,*,実装,36
2203,8,できる,動詞,自立,*,*,できる,31
2206,8,なる,動詞,自立,*,*,なる,31
2208,8,乱択アルゴリズム,名詞,固有名詞,一般,*,乱択アルゴリズム,41
2213,8,素数判定,名詞,固有名詞,一般,*,素数判定,41
2214,8,法,名詞,接尾,一般,*,法,51
2219,8,素数判定,名詞,固有名詞,一般,*,素数判定,41
2220,8,法,名詞,接尾,一般,*,法,51
2223,8,乱択アルゴリズム,名詞,固有名詞,一般,*,乱択アルゴリズム,41
2225,8,説明,名詞,サ変接続,*,*,説明,36
2226,8,できる,動詞,自立,*,*,できる,31
2229,8,なる,動詞,自立,*,*,なる,31
2231,8,量子,名詞,一般,*,*,量子,38
2232,8,アルゴリズム,名詞,一般,*,*,アルゴリズム,38
2236,8,アルゴリズム,名詞,一般,*,*,アルゴリズム,38
2240,8,アルゴリズム,名詞,一般,*,*,アルゴリズム,38
2241,8,量子力学,名詞,一般,*,*,量子力学,38
2243,8,仕組み,名詞,一般,*,*,仕組み,38
2245,8,説明,名詞,サ変接続,*,*,説明,36
2246,8,できる,動詞,自立,*,*,できる,31
2249,8,なる,動詞,自立,*,*,なる,31
2253,8,アルゴリズム,名詞,一般,*,*,アルゴリズム,38
2257,8,アルゴリズム,名詞,一般,*,*,アルゴリズム,38
2259,8,概要,名詞,一般,*,*,概要,38
2261,8,説明,名詞,サ変接続,*,*,説明,36
2262,8,できる,動詞,自立,*,*,できる,31
2265,8,なる,動詞,自立,*,*,なる,31
